<?xml version="1.0" encoding="UTF-8"?><CodeSystem xmlns="http://hl7.org/fhir"><id value="codesystem-au-address-countries"/><text><status value="generated"/><div xmlns="http://www.w3.org/1999/xhtml">
			<h2>County Names</h2>
			<p>ABS 1269.0 SACC 2016<br/>
				<b>Copyright Statement:</b> Copyright Australian Bureau of Statistics</p>
		</div></text><url value="http://www.abs.gov.au/ausstats/abs@.nsf/mf/1269.0#Names"/><version value="1"/><name value="SACC -- Standard Australian Classification of Countries, 2016"/><status value="draft"/><experimental value="true"/><date value="2017-03-11T00:00:00+11:00"/><publisher value="Health Level Seven Australia (Patient Administration)"/><contact><name value="hl7.org.au"/></contact><description value="Coded states and territories for addesses"/><caseSensitive value="true"/><valueSet value="http://hl7.org.au.fhir/ValueSet/valueset-au-address-countries"/><compositional value="false"/><versionNeeded value="true"/><content value="complete"/><concept><code value="ADELIE LAND (FRANCE)"/><display value="ADELIE LAND (FRANCE)"/><definition value="ADELIE LAND (FRANCE)"/></concept><concept><code value="AFGHANISTAN"/><display value="AFGHANISTAN"/><definition value="AFGHANISTAN"/></concept><concept><code value="ALAND ISLANDS"/><display value="ALAND ISLANDS"/><definition value="ALAND ISLANDS"/></concept><concept><code value="ALBANIA"/><display value="ALBANIA"/><definition value="ALBANIA"/></concept><concept><code value="ALGERIA"/><display value="ALGERIA"/><definition value="ALGERIA"/></concept><concept><code value="ANDORRA"/><display value="ANDORRA"/><definition value="ANDORRA"/></concept><concept><code value="ANGOLA"/><display value="ANGOLA"/><definition value="ANGOLA"/></concept><concept><code value="ANGUILLA"/><display value="ANGUILLA"/><definition value="ANGUILLA"/></concept><concept><code value="ANTIGUA AND BARBUDA"/><display value="ANTIGUA AND BARBUDA"/><definition value="ANTIGUA AND BARBUDA"/></concept><concept><code value="ARGENTINA"/><display value="ARGENTINA"/><definition value="ARGENTINA"/></concept><concept><code value="ARGENTINIAN ANTARCTIC TERRITORY"/><display value="ARGENTINIAN ANTARCTIC TERRITORY"/><definition value="ARGENTINIAN ANTARCTIC TERRITORY"/></concept><concept><code value="ARMENIA"/><display value="ARMENIA"/><definition value="ARMENIA"/></concept><concept><code value="ARUBA"/><display value="ARUBA"/><definition value="ARUBA"/></concept><concept><code value="AUSTRALIA"/><display value="AUSTRALIA"/><definition value="AUSTRALIA"/></concept><concept><code value="AUSTRALIAN ANTARCTIC TERRITORY"/><display value="AUSTRALIAN ANTARCTIC TERRITORY"/><definition value="AUSTRALIAN ANTARCTIC TERRITORY"/></concept><concept><code value="AUSTRALIAN EXTERNAL TERRITORIES, NEC"/><display value="AUSTRALIAN EXTERNAL TERRITORIES, NEC"/><definition value="AUSTRALIAN EXTERNAL TERRITORIES, NEC"/></concept><concept><code value="AUSTRIA"/><display value="AUSTRIA"/><definition value="AUSTRIA"/></concept><concept><code value="AZERBAIJAN"/><display value="AZERBAIJAN"/><definition value="AZERBAIJAN"/></concept><concept><code value="BAHAMAS"/><display value="BAHAMAS"/><definition value="BAHAMAS"/></concept><concept><code value="BAHRAIN"/><display value="BAHRAIN"/><definition value="BAHRAIN"/></concept><concept><code value="BANGLADESH"/><display value="BANGLADESH"/><definition value="BANGLADESH"/></concept><concept><code value="BARBADOS"/><display value="BARBADOS"/><definition value="BARBADOS"/></concept><concept><code value="BELARUS"/><display value="BELARUS"/><definition value="BELARUS"/></concept><concept><code value="BELGIUM"/><display value="BELGIUM"/><definition value="BELGIUM"/></concept><concept><code value="BELIZE"/><display value="BELIZE"/><definition value="BELIZE"/></concept><concept><code value="BENIN"/><display value="BENIN"/><definition value="BENIN"/></concept><concept><code value="BERMUDA"/><display value="BERMUDA"/><definition value="BERMUDA"/></concept><concept><code value="BHUTAN"/><display value="BHUTAN"/><definition value="BHUTAN"/></concept><concept><code value="BOLIVIA"/><display value="BOLIVIA"/><definition value="BOLIVIA"/></concept><concept><code value="BONAIRE, SINT EUSTATIUS AND SABA"/><display value="BONAIRE, SINT EUSTATIUS AND SABA"/><definition value="BONAIRE, SINT EUSTATIUS AND SABA"/></concept><concept><code value="BOSNIA AND HERZEGOVINA"/><display value="BOSNIA AND HERZEGOVINA"/><definition value="BOSNIA AND HERZEGOVINA"/></concept><concept><code value="BOTSWANA"/><display value="BOTSWANA"/><definition value="BOTSWANA"/></concept><concept><code value="BRAZIL"/><display value="BRAZIL"/><definition value="BRAZIL"/></concept><concept><code value="BRITISH ANTARCTIC TERRITORY"/><display value="BRITISH ANTARCTIC TERRITORY"/><definition value="BRITISH ANTARCTIC TERRITORY"/></concept><concept><code value="BRUNEI DARUSSALAM"/><display value="BRUNEI DARUSSALAM"/><definition value="BRUNEI DARUSSALAM"/></concept><concept><code value="BULGARIA"/><display value="BULGARIA"/><definition value="BULGARIA"/></concept><concept><code value="BURKINA FASO"/><display value="BURKINA FASO"/><definition value="BURKINA FASO"/></concept><concept><code value="BURUNDI"/><display value="BURUNDI"/><definition value="BURUNDI"/></concept><concept><code value="CABO VERDE"/><display value="CABO VERDE"/><definition value="CABO VERDE"/></concept><concept><code value="CAMBODIA"/><display value="CAMBODIA"/><definition value="CAMBODIA"/></concept><concept><code value="CAMEROON"/><display value="CAMEROON"/><definition value="CAMEROON"/></concept><concept><code value="CANADA"/><display value="CANADA"/><definition value="CANADA"/></concept><concept><code value="CAYMAN ISLANDS"/><display value="CAYMAN ISLANDS"/><definition value="CAYMAN ISLANDS"/></concept><concept><code value="CENTRAL AFRICAN REPUBLIC"/><display value="CENTRAL AFRICAN REPUBLIC"/><definition value="CENTRAL AFRICAN REPUBLIC"/></concept><concept><code value="CHAD"/><display value="CHAD"/><definition value="CHAD"/></concept><concept><code value="CHILE"/><display value="CHILE"/><definition value="CHILE"/></concept><concept><code value="CHILEAN ANTARCTIC TERRITORY"/><display value="CHILEAN ANTARCTIC TERRITORY"/><definition value="CHILEAN ANTARCTIC TERRITORY"/></concept><concept><code value="CHINA (EXCLUDES SARS AND TAIWAN)"/><display value="CHINA (EXCLUDES SARS AND TAIWAN)"/><definition value="CHINA (EXCLUDES SARS AND TAIWAN)"/></concept><concept><code value="COLOMBIA"/><display value="COLOMBIA"/><definition value="COLOMBIA"/></concept><concept><code value="COMOROS"/><display value="COMOROS"/><definition value="COMOROS"/></concept><concept><code value="CONGO, DEMOCRATIC REPUBLIC OF"/><display value="CONGO, DEMOCRATIC REPUBLIC OF"/><definition value="CONGO, DEMOCRATIC REPUBLIC OF"/></concept><concept><code value="CONGO, REPUBLIC OF"/><display value="CONGO, REPUBLIC OF"/><definition value="CONGO, REPUBLIC OF"/></concept><concept><code value="COOK ISLANDS"/><display value="COOK ISLANDS"/><definition value="COOK ISLANDS"/></concept><concept><code value="COSTA RICA"/><display value="COSTA RICA"/><definition value="COSTA RICA"/></concept><concept><code value="COTE D&#39;IVOIRE"/><display value="COTE D&#39;IVOIRE"/><definition value="COTE D&#39;IVOIRE"/></concept><concept><code value="CROATIA"/><display value="CROATIA"/><definition value="CROATIA"/></concept><concept><code value="CUBA"/><display value="CUBA"/><definition value="CUBA"/></concept><concept><code value="CURACAO"/><display value="CURACAO"/><definition value="CURACAO"/></concept><concept><code value="CYPRUS"/><display value="CYPRUS"/><definition value="CYPRUS"/></concept><concept><code value="CZECH REPUBLIC"/><display value="CZECH REPUBLIC"/><definition value="CZECH REPUBLIC"/></concept><concept><code value="DENMARK"/><display value="DENMARK"/><definition value="DENMARK"/></concept><concept><code value="DJIBOUTI"/><display value="DJIBOUTI"/><definition value="DJIBOUTI"/></concept><concept><code value="DOMINICA"/><display value="DOMINICA"/><definition value="DOMINICA"/></concept><concept><code value="DOMINICAN REPUBLIC"/><display value="DOMINICAN REPUBLIC"/><definition value="DOMINICAN REPUBLIC"/></concept><concept><code value="ECUADOR"/><display value="ECUADOR"/><definition value="ECUADOR"/></concept><concept><code value="EGYPT"/><display value="EGYPT"/><definition value="EGYPT"/></concept><concept><code value="EL SALVADOR"/><display value="EL SALVADOR"/><definition value="EL SALVADOR"/></concept><concept><code value="ENGLAND"/><display value="ENGLAND"/><definition value="ENGLAND"/></concept><concept><code value="EQUATORIAL GUINEA"/><display value="EQUATORIAL GUINEA"/><definition value="EQUATORIAL GUINEA"/></concept><concept><code value="ERITREA"/><display value="ERITREA"/><definition value="ERITREA"/></concept><concept><code value="ESTONIA"/><display value="ESTONIA"/><definition value="ESTONIA"/></concept><concept><code value="ETHIOPIA"/><display value="ETHIOPIA"/><definition value="ETHIOPIA"/></concept><concept><code value="FALKLAND ISLANDS"/><display value="FALKLAND ISLANDS"/><definition value="FALKLAND ISLANDS"/></concept><concept><code value="FAROE ISLANDS"/><display value="FAROE ISLANDS"/><definition value="FAROE ISLANDS"/></concept><concept><code value="FIJI"/><display value="FIJI"/><definition value="FIJI"/></concept><concept><code value="FINLAND"/><display value="FINLAND"/><definition value="FINLAND"/></concept><concept><code value="FRANCE"/><display value="FRANCE"/><definition value="FRANCE"/></concept><concept><code value="FRENCH GUIANA"/><display value="FRENCH GUIANA"/><definition value="FRENCH GUIANA"/></concept><concept><code value="FRENCH POLYNESIA"/><display value="FRENCH POLYNESIA"/><definition value="FRENCH POLYNESIA"/></concept><concept><code value="GABON"/><display value="GABON"/><definition value="GABON"/></concept><concept><code value="GAMBIA"/><display value="GAMBIA"/><definition value="GAMBIA"/></concept><concept><code value="GAZA STRIP AND WEST BANK"/><display value="GAZA STRIP AND WEST BANK"/><definition value="GAZA STRIP AND WEST BANK"/></concept><concept><code value="GEORGIA"/><display value="GEORGIA"/><definition value="GEORGIA"/></concept><concept><code value="GERMANY"/><display value="GERMANY"/><definition value="GERMANY"/></concept><concept><code value="GHANA"/><display value="GHANA"/><definition value="GHANA"/></concept><concept><code value="GIBRALTAR"/><display value="GIBRALTAR"/><definition value="GIBRALTAR"/></concept><concept><code value="GREECE"/><display value="GREECE"/><definition value="GREECE"/></concept><concept><code value="GREENLAND"/><display value="GREENLAND"/><definition value="GREENLAND"/></concept><concept><code value="GRENADA"/><display value="GRENADA"/><definition value="GRENADA"/></concept><concept><code value="GUADELOUPE"/><display value="GUADELOUPE"/><definition value="GUADELOUPE"/></concept><concept><code value="GUAM"/><display value="GUAM"/><definition value="GUAM"/></concept><concept><code value="GUATEMALA"/><display value="GUATEMALA"/><definition value="GUATEMALA"/></concept><concept><code value="GUERNSEY"/><display value="GUERNSEY"/><definition value="GUERNSEY"/></concept><concept><code value="GUINEA"/><display value="GUINEA"/><definition value="GUINEA"/></concept><concept><code value="GUINEA-BISSAU"/><display value="GUINEA-BISSAU"/><definition value="GUINEA-BISSAU"/></concept><concept><code value="GUYANA"/><display value="GUYANA"/><definition value="GUYANA"/></concept><concept><code value="HAITI"/><display value="HAITI"/><definition value="HAITI"/></concept><concept><code value="HOLY SEE"/><display value="HOLY SEE"/><definition value="HOLY SEE"/></concept><concept><code value="HONDURAS"/><display value="HONDURAS"/><definition value="HONDURAS"/></concept><concept><code value="HONG KONG (SAR OF CHINA)"/><display value="HONG KONG (SAR OF CHINA)"/><definition value="HONG KONG (SAR OF CHINA)"/></concept><concept><code value="HUNGARY"/><display value="HUNGARY"/><definition value="HUNGARY"/></concept><concept><code value="ICELAND"/><display value="ICELAND"/><definition value="ICELAND"/></concept><concept><code value="INDIA"/><display value="INDIA"/><definition value="INDIA"/></concept><concept><code value="INDONESIA"/><display value="INDONESIA"/><definition value="INDONESIA"/></concept><concept><code value="IRAN"/><display value="IRAN"/><definition value="IRAN"/></concept><concept><code value="IRAQ"/><display value="IRAQ"/><definition value="IRAQ"/></concept><concept><code value="IRELAND"/><display value="IRELAND"/><definition value="IRELAND"/></concept><concept><code value="ISLE OF MAN"/><display value="ISLE OF MAN"/><definition value="ISLE OF MAN"/></concept><concept><code value="ISRAEL"/><display value="ISRAEL"/><definition value="ISRAEL"/></concept><concept><code value="ITALY"/><display value="ITALY"/><definition value="ITALY"/></concept><concept><code value="JAMAICA"/><display value="JAMAICA"/><definition value="JAMAICA"/></concept><concept><code value="JAPAN"/><display value="JAPAN"/><definition value="JAPAN"/></concept><concept><code value="JERSEY"/><display value="JERSEY"/><definition value="JERSEY"/></concept><concept><code value="JORDAN"/><display value="JORDAN"/><definition value="JORDAN"/></concept><concept><code value="KAZAKHSTAN"/><display value="KAZAKHSTAN"/><definition value="KAZAKHSTAN"/></concept><concept><code value="KENYA"/><display value="KENYA"/><definition value="KENYA"/></concept><concept><code value="KIRIBATI"/><display value="KIRIBATI"/><definition value="KIRIBATI"/></concept><concept><code value="KOREA, DEMOCRATIC PEOPLE&#39;S REPUBLIC OF (NORTH)"/><display value="KOREA, DEMOCRATIC PEOPLE&#39;S REPUBLIC OF (NORTH)"/><definition value="KOREA, DEMOCRATIC PEOPLE&#39;S REPUBLIC OF (NORTH)"/></concept><concept><code value="KOREA, REPUBLIC OF (SOUTH)"/><display value="KOREA, REPUBLIC OF (SOUTH)"/><definition value="KOREA, REPUBLIC OF (SOUTH)"/></concept><concept><code value="KOSOVO"/><display value="KOSOVO"/><definition value="KOSOVO"/></concept><concept><code value="KUWAIT"/><display value="KUWAIT"/><definition value="KUWAIT"/></concept><concept><code value="KYRGYZSTAN"/><display value="KYRGYZSTAN"/><definition value="KYRGYZSTAN"/></concept><concept><code value="LAOS"/><display value="LAOS"/><definition value="LAOS"/></concept><concept><code value="LATVIA"/><display value="LATVIA"/><definition value="LATVIA"/></concept><concept><code value="LEBANON"/><display value="LEBANON"/><definition value="LEBANON"/></concept><concept><code value="LESOTHO"/><display value="LESOTHO"/><definition value="LESOTHO"/></concept><concept><code value="LIBERIA"/><display value="LIBERIA"/><definition value="LIBERIA"/></concept><concept><code value="LIBYA"/><display value="LIBYA"/><definition value="LIBYA"/></concept><concept><code value="LIECHTENSTEIN"/><display value="LIECHTENSTEIN"/><definition value="LIECHTENSTEIN"/></concept><concept><code value="LITHUANIA"/><display value="LITHUANIA"/><definition value="LITHUANIA"/></concept><concept><code value="LUXEMBOURG"/><display value="LUXEMBOURG"/><definition value="LUXEMBOURG"/></concept><concept><code value="MACAU (SAR OF CHINA)"/><display value="MACAU (SAR OF CHINA)"/><definition value="MACAU (SAR OF CHINA)"/></concept><concept><code value="MADAGASCAR"/><display value="MADAGASCAR"/><definition value="MADAGASCAR"/></concept><concept><code value="MALAWI"/><display value="MALAWI"/><definition value="MALAWI"/></concept><concept><code value="MALAYSIA"/><display value="MALAYSIA"/><definition value="MALAYSIA"/></concept><concept><code value="MALDIVES"/><display value="MALDIVES"/><definition value="MALDIVES"/></concept><concept><code value="MALI"/><display value="MALI"/><definition value="MALI"/></concept><concept><code value="MALTA"/><display value="MALTA"/><definition value="MALTA"/></concept><concept><code value="MARSHALL ISLANDS"/><display value="MARSHALL ISLANDS"/><definition value="MARSHALL ISLANDS"/></concept><concept><code value="MARTINIQUE"/><display value="MARTINIQUE"/><definition value="MARTINIQUE"/></concept><concept><code value="MAURITANIA"/><display value="MAURITANIA"/><definition value="MAURITANIA"/></concept><concept><code value="MAURITIUS"/><display value="MAURITIUS"/><definition value="MAURITIUS"/></concept><concept><code value="MAYOTTE"/><display value="MAYOTTE"/><definition value="MAYOTTE"/></concept><concept><code value="MEXICO"/><display value="MEXICO"/><definition value="MEXICO"/></concept><concept><code value="MICRONESIA, FEDERATED STATES OF"/><display value="MICRONESIA, FEDERATED STATES OF"/><definition value="MICRONESIA, FEDERATED STATES OF"/></concept><concept><code value="MOLDOVA"/><display value="MOLDOVA"/><definition value="MOLDOVA"/></concept><concept><code value="MONACO"/><display value="MONACO"/><definition value="MONACO"/></concept><concept><code value="MONGOLIA"/><display value="MONGOLIA"/><definition value="MONGOLIA"/></concept><concept><code value="MONTENEGRO"/><display value="MONTENEGRO"/><definition value="MONTENEGRO"/></concept><concept><code value="MONTSERRAT"/><display value="MONTSERRAT"/><definition value="MONTSERRAT"/></concept><concept><code value="MOROCCO"/><display value="MOROCCO"/><definition value="MOROCCO"/></concept><concept><code value="MOZAMBIQUE"/><display value="MOZAMBIQUE"/><definition value="MOZAMBIQUE"/></concept><concept><code value="MYANMAR"/><display value="MYANMAR"/><definition value="MYANMAR"/></concept><concept><code value="NAMIBIA"/><display value="NAMIBIA"/><definition value="NAMIBIA"/></concept><concept><code value="NAURU"/><display value="NAURU"/><definition value="NAURU"/></concept><concept><code value="NEPAL"/><display value="NEPAL"/><definition value="NEPAL"/></concept><concept><code value="NETHERLANDS"/><display value="NETHERLANDS"/><definition value="NETHERLANDS"/></concept><concept><code value="NEW CALEDONIA"/><display value="NEW CALEDONIA"/><definition value="NEW CALEDONIA"/></concept><concept><code value="NEW ZEALAND"/><display value="NEW ZEALAND"/><definition value="NEW ZEALAND"/></concept><concept><code value="NICARAGUA"/><display value="NICARAGUA"/><definition value="NICARAGUA"/></concept><concept><code value="NIGER"/><display value="NIGER"/><definition value="NIGER"/></concept><concept><code value="NIGERIA"/><display value="NIGERIA"/><definition value="NIGERIA"/></concept><concept><code value="NIUE"/><display value="NIUE"/><definition value="NIUE"/></concept><concept><code value="NORFOLK ISLAND"/><display value="NORFOLK ISLAND"/><definition value="NORFOLK ISLAND"/></concept><concept><code value="NORTHERN IRELAND"/><display value="NORTHERN IRELAND"/><definition value="NORTHERN IRELAND"/></concept><concept><code value="NORTHERN MARIANA ISLANDS"/><display value="NORTHERN MARIANA ISLANDS"/><definition value="NORTHERN MARIANA ISLANDS"/></concept><concept><code value="NORWAY"/><display value="NORWAY"/><definition value="NORWAY"/></concept><concept><code value="OMAN"/><display value="OMAN"/><definition value="OMAN"/></concept><concept><code value="PAKISTAN"/><display value="PAKISTAN"/><definition value="PAKISTAN"/></concept><concept><code value="PALAU"/><display value="PALAU"/><definition value="PALAU"/></concept><concept><code value="PANAMA"/><display value="PANAMA"/><definition value="PANAMA"/></concept><concept><code value="PAPUA NEW GUINEA"/><display value="PAPUA NEW GUINEA"/><definition value="PAPUA NEW GUINEA"/></concept><concept><code value="PARAGUAY"/><display value="PARAGUAY"/><definition value="PARAGUAY"/></concept><concept><code value="PERU"/><display value="PERU"/><definition value="PERU"/></concept><concept><code value="PHILIPPINES"/><display value="PHILIPPINES"/><definition value="PHILIPPINES"/></concept><concept><code value="PITCAIRN ISLANDS"/><display value="PITCAIRN ISLANDS"/><definition value="PITCAIRN ISLANDS"/></concept><concept><code value="POLAND"/><display value="POLAND"/><definition value="POLAND"/></concept><concept><code value="POLYNESIA (EXCLUDES HAWAII), NEC"/><display value="POLYNESIA (EXCLUDES HAWAII), NEC"/><definition value="POLYNESIA (EXCLUDES HAWAII), NEC"/></concept><concept><code value="PORTUGAL"/><display value="PORTUGAL"/><definition value="PORTUGAL"/></concept><concept><code value="PUERTO RICO"/><display value="PUERTO RICO"/><definition value="PUERTO RICO"/></concept><concept><code value="QATAR"/><display value="QATAR"/><definition value="QATAR"/></concept><concept><code value="QUEEN MAUD LAND (NORWAY)"/><display value="QUEEN MAUD LAND (NORWAY)"/><definition value="QUEEN MAUD LAND (NORWAY)"/></concept><concept><code value="REUNION"/><display value="REUNION"/><definition value="REUNION"/></concept><concept><code value="ROMANIA"/><display value="ROMANIA"/><definition value="ROMANIA"/></concept><concept><code value="ROSS DEPENDENCY (NEW ZEALAND)"/><display value="ROSS DEPENDENCY (NEW ZEALAND)"/><definition value="ROSS DEPENDENCY (NEW ZEALAND)"/></concept><concept><code value="RUSSIAN FEDERATION"/><display value="RUSSIAN FEDERATION"/><definition value="RUSSIAN FEDERATION"/></concept><concept><code value="RWANDA"/><display value="RWANDA"/><definition value="RWANDA"/></concept><concept><code value="SAMOA"/><display value="SAMOA"/><definition value="SAMOA"/></concept><concept><code value="SAMOA, AMERICAN"/><display value="SAMOA, AMERICAN"/><definition value="SAMOA, AMERICAN"/></concept><concept><code value="SAN MARINO"/><display value="SAN MARINO"/><definition value="SAN MARINO"/></concept><concept><code value="SAO TOME AND PRINCIPE"/><display value="SAO TOME AND PRINCIPE"/><definition value="SAO TOME AND PRINCIPE"/></concept><concept><code value="SAUDI ARABIA"/><display value="SAUDI ARABIA"/><definition value="SAUDI ARABIA"/></concept><concept><code value="SCOTLAND"/><display value="SCOTLAND"/><definition value="SCOTLAND"/></concept><concept><code value="SENEGAL"/><display value="SENEGAL"/><definition value="SENEGAL"/></concept><concept><code value="SERBIA"/><display value="SERBIA"/><definition value="SERBIA"/></concept><concept><code value="SEYCHELLES"/><display value="SEYCHELLES"/><definition value="SEYCHELLES"/></concept><concept><code value="SIERRA LEONE"/><display value="SIERRA LEONE"/><definition value="SIERRA LEONE"/></concept><concept><code value="SINGAPORE"/><display value="SINGAPORE"/><definition value="SINGAPORE"/></concept><concept><code value="SINT MAARTEN (DUTCH PART)"/><display value="SINT MAARTEN (DUTCH PART)"/><definition value="SINT MAARTEN (DUTCH PART)"/></concept><concept><code value="SLOVAKIA"/><display value="SLOVAKIA"/><definition value="SLOVAKIA"/></concept><concept><code value="SLOVENIA"/><display value="SLOVENIA"/><definition value="SLOVENIA"/></concept><concept><code value="SOLOMON ISLANDS"/><display value="SOLOMON ISLANDS"/><definition value="SOLOMON ISLANDS"/></concept><concept><code value="SOMALIA"/><display value="SOMALIA"/><definition value="SOMALIA"/></concept><concept><code value="SOUTH AFRICA"/><display value="SOUTH AFRICA"/><definition value="SOUTH AFRICA"/></concept><concept><code value="SOUTH AMERICA, NEC"/><display value="SOUTH AMERICA, NEC"/><definition value="SOUTH AMERICA, NEC"/></concept><concept><code value="SOUTH SUDAN"/><display value="SOUTH SUDAN"/><definition value="SOUTH SUDAN"/></concept><concept><code value="SOUTHERN AND EAST AFRICA, NEC"/><display value="SOUTHERN AND EAST AFRICA, NEC"/><definition value="SOUTHERN AND EAST AFRICA, NEC"/></concept><concept><code value="SPAIN"/><display value="SPAIN"/><definition value="SPAIN"/></concept><concept><code value="SPANISH NORTH AFRICA"/><display value="SPANISH NORTH AFRICA"/><definition value="SPANISH NORTH AFRICA"/></concept><concept><code value="SRI LANKA"/><display value="SRI LANKA"/><definition value="SRI LANKA"/></concept><concept><code value="ST BARTHELEMY"/><display value="ST BARTHELEMY"/><definition value="ST BARTHELEMY"/></concept><concept><code value="ST HELENA"/><display value="ST HELENA"/><definition value="ST HELENA"/></concept><concept><code value="ST KITTS AND NEVIS"/><display value="ST KITTS AND NEVIS"/><definition value="ST KITTS AND NEVIS"/></concept><concept><code value="ST LUCIA"/><display value="ST LUCIA"/><definition value="ST LUCIA"/></concept><concept><code value="ST MARTIN (FRENCH PART)"/><display value="ST MARTIN (FRENCH PART)"/><definition value="ST MARTIN (FRENCH PART)"/></concept><concept><code value="ST PIERRE AND MIQUELON"/><display value="ST PIERRE AND MIQUELON"/><definition value="ST PIERRE AND MIQUELON"/></concept><concept><code value="ST VINCENT AND THE GRENADINES"/><display value="ST VINCENT AND THE GRENADINES"/><definition value="ST VINCENT AND THE GRENADINES"/></concept><concept><code value="SUDAN"/><display value="SUDAN"/><definition value="SUDAN"/></concept><concept><code value="SURINAME"/><display value="SURINAME"/><definition value="SURINAME"/></concept><concept><code value="SWAZILAND"/><display value="SWAZILAND"/><definition value="SWAZILAND"/></concept><concept><code value="SWEDEN"/><display value="SWEDEN"/><definition value="SWEDEN"/></concept><concept><code value="SWITZERLAND"/><display value="SWITZERLAND"/><definition value="SWITZERLAND"/></concept><concept><code value="SYRIA"/><display value="SYRIA"/><definition value="SYRIA"/></concept><concept><code value="TAIWAN"/><display value="TAIWAN"/><definition value="TAIWAN"/></concept><concept><code value="TAJIKISTAN"/><display value="TAJIKISTAN"/><definition value="TAJIKISTAN"/></concept><concept><code value="TANZANIA"/><display value="TANZANIA"/><definition value="TANZANIA"/></concept><concept><code value="THAILAND"/><display value="THAILAND"/><definition value="THAILAND"/></concept><concept><code value="THE FORMER YUGOSLAV REPUBLIC OF MACEDONIA"/><display value="THE FORMER YUGOSLAV REPUBLIC OF MACEDONIA"/><definition value="THE FORMER YUGOSLAV REPUBLIC OF MACEDONIA"/></concept><concept><code value="TIMOR-LESTE"/><display value="TIMOR-LESTE"/><definition value="TIMOR-LESTE"/></concept><concept><code value="TOGO"/><display value="TOGO"/><definition value="TOGO"/></concept><concept><code value="TOKELAU"/><display value="TOKELAU"/><definition value="TOKELAU"/></concept><concept><code value="TONGA"/><display value="TONGA"/><definition value="TONGA"/></concept><concept><code value="TRINIDAD AND TOBAGO"/><display value="TRINIDAD AND TOBAGO"/><definition value="TRINIDAD AND TOBAGO"/></concept><concept><code value="TUNISIA"/><display value="TUNISIA"/><definition value="TUNISIA"/></concept><concept><code value="TURKEY"/><display value="TURKEY"/><definition value="TURKEY"/></concept><concept><code value="TURKMENISTAN"/><display value="TURKMENISTAN"/><definition value="TURKMENISTAN"/></concept><concept><code value="TURKS AND CAICOS ISLANDS"/><display value="TURKS AND CAICOS ISLANDS"/><definition value="TURKS AND CAICOS ISLANDS"/></concept><concept><code value="TUVALU"/><display value="TUVALU"/><definition value="TUVALU"/></concept><concept><code value="UGANDA"/><display value="UGANDA"/><definition value="UGANDA"/></concept><concept><code value="UKRAINE"/><display value="UKRAINE"/><definition value="UKRAINE"/></concept><concept><code value="UNITED ARAB EMIRATES"/><display value="UNITED ARAB EMIRATES"/><definition value="UNITED ARAB EMIRATES"/></concept><concept><code value="UNITED STATES OF AMERICA"/><display value="UNITED STATES OF AMERICA"/><definition value="UNITED STATES OF AMERICA"/></concept><concept><code value="URUGUAY"/><display value="URUGUAY"/><definition value="URUGUAY"/></concept><concept><code value="UZBEKISTAN"/><display value="UZBEKISTAN"/><definition value="UZBEKISTAN"/></concept><concept><code value="VANUATU"/><display value="VANUATU"/><definition value="VANUATU"/></concept><concept><code value="VENEZUELA"/><display value="VENEZUELA"/><definition value="VENEZUELA"/></concept><concept><code value="VIETNAM"/><display value="VIETNAM"/><definition value="VIETNAM"/></concept><concept><code value="VIRGIN ISLANDS, BRITISH"/><display value="VIRGIN ISLANDS, BRITISH"/><definition value="VIRGIN ISLANDS, BRITISH"/></concept><concept><code value="VIRGIN ISLANDS, UNITED STATES"/><display value="VIRGIN ISLANDS, UNITED STATES"/><definition value="VIRGIN ISLANDS, UNITED STATES"/></concept><concept><code value="WALES"/><display value="WALES"/><definition value="WALES"/></concept><concept><code value="WALLIS AND FUTUNA"/><display value="WALLIS AND FUTUNA"/><definition value="WALLIS AND FUTUNA"/></concept><concept><code value="WESTERN SAHARA"/><display value="WESTERN SAHARA"/><definition value="WESTERN SAHARA"/></concept><concept><code value="YEMEN"/><display value="YEMEN"/><definition value="YEMEN"/></concept><concept><code value="ZAMBIA"/><display value="ZAMBIA"/><definition value="ZAMBIA"/></concept><concept><code value="ZIMBABWE"/><display value="ZIMBABWE"/><definition value="ZIMBABWE"/></concept></CodeSystem>