<?xml version="1.0" encoding="UTF-8"?><CodeSystem xmlns="http://hl7.org/fhir"><id value="codesystem-au-hl7v2-0203"/><text><status value="generated"/><div xmlns="http://www.w3.org/1999/xhtml">
			<h2>HL7 V2 Table 0203 - Identifier Type (AU Extended)</h2>
			<p>HL7 V2 table 0203 extensions for Australian use</p>
		</div></text><url value="http://hl7.org.au/fhir/v2/0203"/><version value="1"/><name value="HL7 V2 Table 0203 - Identifier Type (AU Extended)"/><status value="draft"/><experimental value="true"/><date value="2017-03-23T00:00:00+11:00"/><publisher value="Health Level Seven Australia (Patient Administration)"/><contact><name value="hl7.org.au"/></contact><description value="Extended concept codes for identifier type for use in Australian context"/><caseSensitive value="true"/><valueSet value="http://hl7.org.au/fhir/ValueSet/valueset-au-hl7v2-0203"/><compositional value="false"/><versionNeeded value="true"/><content value="complete"/><concept><code value="NOI"/><display value="National Organisation Identifier"/><definition value="Nationally assigned organisation identifier, that is commonly a HPI-O"/></concept><concept><code value="PRES"/><display value="Prescriber Number"/><definition value="Medicare assigned prescriber number for a practitioner"/></concept><concept><code value="SEN"/><display value="Commonwealth Seniors Health Card"/><definition value="Seniors healthcare card number assigned by Department of Health and Human Services"/></concept><concept><code value="DVW"/><display value="DVA White Card Number"/><definition value="Department of Veterans&#39; Affairs Number (White Card)"/></concept><concept><code value="DVG"/><display value="DVA Gold Card Number"/><definition value="Department of Veterans&#39; Affairs Number (Gold Card)"/></concept><concept><code value="DVO"/><display value="DVA Orange Card Number"/><definition value="Department of Veterans&#39; Affairs Number (Orange Card)"/></concept><concept><code value="DVL"/><display value="DVA Lilac Card Number"/><definition value="Department of Veterans&#39; Affairs Number (Lilac Card)"/></concept><concept><code value="ABN"/><display value="ABN"/><definition value="Australian Business Number (ASIC)"/></concept><concept><code value="ACN"/><display value="ACN"/><definition value="Australian Company Number (ASIC)"/></concept><concept><code value="ARBN"/><display value="ARBN"/><definition value="Australian Registered Body Number (ASIC)"/></concept></CodeSystem>