<?xml version="1.0" encoding="UTF-8"?><CodeSystem xmlns="http://hl7.org/fhir"><id value="codesystem-au-grounds-for-concurrent-supply"/><text><status value="generated"/><div xmlns="http://www.w3.org/1999/xhtml">
			<h2>Grounds for Concurrent Supply</h2>
			<p>NCTS Concurrent Supply Grounds Values</p>
		</div></text><url value="http://ns.electronichealth.net.au/ci/dc/coding/grounds-for-concurrent-supply"/><version value="1"/><name value="Grounds for Concurrent Supply"/><status value="draft"/><experimental value="true"/><date value="2017-05-12T00:00:00+10:00"/><publisher value="Health Level Seven Australia (Patient Administration)"/><contact><name value="hl7.org.au"/></contact><description value="Grounds for concurrent supply when prescribing."/><caseSensitive value="true"/><valueSet value="http://ns.electronichealth.net.au/fhir/ValueSet/grounds-for-concurrent-supply"/><compositional value="false"/><versionNeeded value="true"/><content value="complete"/><concept><code value="1"/><display value="Pursuant to Regulation 24"/><definition value="Grounds for concurrent supply of medication pursuant to regulation 24"/></concept><concept><code value="2"/><display value="Hardship Conditions Apply"/><definition value="Grounds for concurrent supply hardship conditions apply"/></concept></CodeSystem>