<?xml version="1.0" encoding="UTF-8"?><ImplementationGuide xmlns="http://hl7.org/fhir"><id value="au-base"/><text><status value="generated"/><div xmlns="http://www.w3.org/1999/xhtml"><h2>Implementation Guide Template</h2><p>The official URL for this implementation guide is: </p><pre>http://hl7.org.au/fhir/ImplementationGuide/au-base</pre></div></text><url value="http://hl7.org.au/fhir/ImplementationGuide/au-base"/><name value="Implementation Guide Template"/><status value="draft"/><experimental value="true"/><date value="2017-04-14T00:00:00+10:00"/><publisher value="HL7 Australia FHIR Community"/><contact><name value="HL7 Australia Patient Administration Working Group"/><telecom><system value="url"/><value value="http://confluence.hl7australia.com/display/PA/Patient+Administration+Work+Group"/><use value="work"/></telecom></contact><package><name value="base"/><resource><extension url="http://hl7.org/fhir/StructureDefinition/implementationguide-page"><valueUri value="StructureDefinition-au-patient.html"/></extension><example value="false"/><sourceReference><reference value="StructureDefinition/au-patient"/></sourceReference></resource><resource><extension url="http://hl7.org/fhir/StructureDefinition/implementationguide-page"><valueUri value="StructureDefinition-au-practitioner.html"/></extension><example value="false"/><sourceReference><reference value="StructureDefinition/au-practitioner"/></sourceReference></resource><resource><extension url="http://hl7.org/fhir/StructureDefinition/implementationguide-page"><valueUri value="StructureDefinition-au-practitionerrole.html"/></extension><example value="false"/><sourceReference><reference value="StructureDefinition/au-practitionerrole"/></sourceReference></resource><resource><extension url="http://hl7.org/fhir/StructureDefinition/implementationguide-page"><valueUri value="StructureDefinition-au-organisation.html"/></extension><example value="false"/><sourceReference><reference value="StructureDefinition/au-organisation"/></sourceReference></resource><resource><extension url="http://hl7.org/fhir/StructureDefinition/implementationguide-page"><valueUri value="StructureDefinition-indigenous-status.html"/></extension><example value="false"/><sourceReference><reference value="StructureDefinition/indigenous-status"/></sourceReference></resource><resource><extension url="http://hl7.org/fhir/StructureDefinition/implementationguide-page"><valueUri value="StructureDefinition-close-the-gap-registration.html"/></extension><example value="false"/><sourceReference><reference value="StructureDefinition/close-the-gap-registration"/></sourceReference></resource><resource><extension url="http://hl7.org/fhir/StructureDefinition/implementationguide-page"><valueUri value="StructureDefinition-extension-au-ihi-status.html"/></extension><example value="false"/><sourceReference><reference value="StructureDefinition/extension-au-ihi-status"/></sourceReference></resource><resource><extension url="http://hl7.org/fhir/StructureDefinition/implementationguide-page"><valueUri value="StructureDefinition-extension-au-ihi-record-status.html"/></extension><example value="false"/><sourceReference><reference value="StructureDefinition/extension-au-ihi-record-status"/></sourceReference></resource><resource><extension url="http://hl7.org/fhir/StructureDefinition/implementationguide-page"><valueUri value="StructureDefinition-au-address.html"/></extension><example value="false"/><sourceReference><reference value="StructureDefinition/au-address"/></sourceReference></resource><resource><extension url="http://hl7.org/fhir/StructureDefinition/implementationguide-page"><valueUri value="StructureDefinition-nofixedaddress.html"/></extension><example value="false"/><sourceReference><reference value="StructureDefinition/nofixedaddress"/></sourceReference></resource><resource><extension url="http://hl7.org/fhir/StructureDefinition/implementationguide-page"><valueUri value="ValueSet-au-indigenous-status.html"/></extension><example value="false"/><sourceReference><reference value="ValueSet/valueset-au-indigenous-status"/></sourceReference></resource><resource><extension url="http://hl7.org/fhir/StructureDefinition/implementationguide-page"><valueUri value="ValueSet-au-ihi-status.html"/></extension><example value="false"/><sourceReference><reference value="ValueSet/valueset-au-ihi-status"/></sourceReference></resource><resource><extension url="http://hl7.org/fhir/StructureDefinition/implementationguide-page"><valueUri value="ValueSet-au-ihi-record-status.html"/></extension><example value="false"/><sourceReference><reference value="ValueSet/valueset-au-ihi-record-status"/></sourceReference></resource><resource><extension url="http://hl7.org/fhir/StructureDefinition/implementationguide-page"><valueUri value="ValueSet-anzsco.html"/></extension><example value="false"/><sourceReference><reference value="ValueSet/valueset-anzsco"/></sourceReference></resource><resource><extension url="http://hl7.org/fhir/StructureDefinition/implementationguide-page"><valueUri value="ValueSet-valueset-au-dva.html"/></extension><example value="false"/><sourceReference><reference value="ValueSet/valueset-au-dva"/></sourceReference></resource><resource><extension url="http://hl7.org/fhir/StructureDefinition/implementationguide-page"><valueUri value="ValueSet-valueset-au-asic.html"/></extension><example value="false"/><sourceReference><reference value="ValueSet/valueset-au-asic"/></sourceReference></resource><resource><extension url="http://hl7.org/fhir/StructureDefinition/implementationguide-page"><valueUri value="ValueSet-anzsic-restricted.html"/></extension><example value="false"/><sourceReference><reference value="ValueSet/valueset-anzsic-restricted"/></sourceReference></resource><resource><extension url="http://hl7.org/fhir/StructureDefinition/implementationguide-page"><valueUri value="ValueSet-anzsic-restricted-class.html"/></extension><example value="false"/><sourceReference><reference value="ValueSet/valueset-anzsic-restricted-class"/></sourceReference></resource><resource><extension url="http://hl7.org/fhir/StructureDefinition/implementationguide-page"><valueUri value="ValueSet-anzsic-restricted-activity.html"/></extension><example value="false"/><sourceReference><reference value="ValueSet/valueset-anzsic-restricted-activity"/></sourceReference></resource><resource><extension url="http://hl7.org/fhir/StructureDefinition/implementationguide-page"><valueUri value="ValueSet-valueset-au-hl7v2-0203.html"/></extension><example value="false"/><sourceReference><reference value="ValueSet/valueset-au-hl7v2-0203"/></sourceReference></resource><resource><extension url="http://hl7.org/fhir/StructureDefinition/implementationguide-page"><valueUri value="CodeSystem-au-indigenous-status.html"/></extension><example value="false"/><sourceReference><reference value="CodeSystem/codesystem-au-indigenous-status"/></sourceReference></resource><resource><extension url="http://hl7.org/fhir/StructureDefinition/implementationguide-page"><valueUri value="CodeSystem-au-ihi-status.html"/></extension><example value="false"/><sourceReference><reference value="CodeSystem/codesystem-au-ihi-status"/></sourceReference></resource><resource><extension url="http://hl7.org/fhir/StructureDefinition/implementationguide-page"><valueUri value="CodeSystem-au-ihi-record-status.html"/></extension><example value="false"/><sourceReference><reference value="CodeSystem/codesystem-au-ihi-record-status"/></sourceReference></resource><resource><extension url="http://hl7.org/fhir/StructureDefinition/implementationguide-page"><valueUri value="CodeSystem-codesystem-anzsco.html"/></extension><example value="false"/><sourceReference><reference value="CodeSystem/codesystem-anzsco"/></sourceReference></resource><resource><extension url="http://hl7.org/fhir/StructureDefinition/implementationguide-page"><valueUri value="CodeSystem-codesystem-anzsic-restricted.html"/></extension><example value="false"/><sourceReference><reference value="CodeSystem/codesystem-anzsic-restricted"/></sourceReference></resource><resource><extension url="http://hl7.org/fhir/StructureDefinition/implementationguide-page"><valueUri value="CodeSystem-codesystem-au-hl7v2-0203.html"/></extension><example value="false"/><sourceReference><reference value="CodeSystem/codesystem-au-hl7v2-0203"/></sourceReference></resource><resource><extension url="http://hl7.org/fhir/StructureDefinition/implementationguide-page"><valueUri value="CodeSystem-codesystem-au-address-states.html"/></extension><example value="false"/><sourceReference><reference value="CodeSystem/codesystem-au-address-states"/></sourceReference></resource><resource><extension url="http://hl7.org/fhir/StructureDefinition/implementationguide-page"><valueUri value="ValueSet-valueset-au-address-states.html"/></extension><example value="false"/><sourceReference><reference value="ValueSet/valueset-au-address-states"/></sourceReference></resource><resource><extension url="http://hl7.org/fhir/StructureDefinition/implementationguide-page"><valueUri value="CodeSystem-codesystem-au-address-countries.html"/></extension><example value="false"/><sourceReference><reference value="CodeSystem/codesystem-au-address-countries"/></sourceReference></resource><resource><extension url="http://hl7.org/fhir/StructureDefinition/implementationguide-page"><valueUri value="ValueSet-valueset-au-address-countries.html"/></extension><example value="false"/><sourceReference><reference value="ValueSet/valueset-au-address-countries"/></sourceReference></resource><resource><extension url="http://hl7.org/fhir/StructureDefinition/implementationguide-page"><valueUri value="Patient-example0.html"/></extension><example value="true"/><name value="Patient with IHI and Medicare Number"/><description value="Shows a typical patient using identifier profiles for IHI, Medicare Number and the extension for Indigenous Status"/><sourceReference><reference value="Patient/example0"/></sourceReference></resource><resource><extension url="http://hl7.org/fhir/StructureDefinition/implementationguide-page"><valueUri value="Patient-example1.html"/></extension><example value="true"/><name value="Patient with IHI and DVA Number"/><description value="Shows a typical patient using identifier profiles for IHI, DVA Number (with specific card colour) and the extension for Indigenous Status"/><sourceReference><reference value="Patient/example1"/></sourceReference></resource><resource><extension url="http://hl7.org/fhir/StructureDefinition/implementationguide-page"><valueUri value="Practitioner-example0.html"/></extension><example value="true"/><name value="Practitioner with HPI-I and Prescriber Number"/><description value="Shows a typical practitioner using identifier profiles for HPI-I and Prescriber Number"/><sourceReference><reference value="Practitioner/example0"/></sourceReference></resource><resource><extension url="http://hl7.org/fhir/StructureDefinition/implementationguide-page"><valueUri value="PractitionerRole-example0.html"/></extension><example value="true"/><name value="Practitioner Role with Provider Number and ANZSCO coded role"/><description value="Shows a typical practitioner role using the identifer profile for Provider Number at a specfic location, with role using ANZSCO"/><sourceReference><reference value="PractitionerRole/example0"/></sourceReference></resource><resource><extension url="http://hl7.org/fhir/StructureDefinition/implementationguide-page"><valueUri value="Organization-example0.html"/></extension><example value="true"/><name value="Organisation with HPI-O and ANZSIC coded class/activity types"/><description value="Shows a typical organisation using the identifer profile for HPI-O and organisation class/activity types using ANZSIC"/><sourceReference><reference value="Organization/example0"/></sourceReference></resource><resource><extension url="http://hl7.org/fhir/StructureDefinition/implementationguide-page"><valueUri value="Location-example0.html"/></extension><example value="true"/><sourceReference><reference value="Location/example0"/></sourceReference></resource><resource><extension url="http://hl7.org/fhir/StructureDefinition/implementationguide-page"><valueUri value="StructureDefinition-au-endpoint.html"/></extension><example value="false"/><sourceReference><reference value="StructureDefinition/au-endpoint"/></sourceReference></resource><resource><extension url="http://hl7.org/fhir/StructureDefinition/implementationguide-page"><valueUri value="StructureDefinition-au-location.html"/></extension><example value="false"/><sourceReference><reference value="StructureDefinition/au-location"/></sourceReference></resource><resource><extension url="http://hl7.org/fhir/StructureDefinition/implementationguide-page"><valueUri value="StructureDefinition-qualified-certificate-reference.html"/></extension><example value="false"/><sourceReference><reference value="StructureDefinition/qualified-certificate-reference"/></sourceReference></resource><resource><extension url="http://hl7.org/fhir/StructureDefinition/implementationguide-page"><valueUri value="StructureDefinition-au-medication.html"/></extension><example value="false"/><sourceReference><reference value="StructureDefinition/au-medication"/></sourceReference></resource><resource><extension url="http://hl7.org/fhir/StructureDefinition/implementationguide-page"><valueUri value="StructureDefinition-au-prescription.html"/></extension><example value="false"/><sourceReference><reference value="StructureDefinition/au-prescription"/></sourceReference></resource><resource><extension url="http://hl7.org/fhir/StructureDefinition/implementationguide-page"><valueUri value="StructureDefinition-grounds-for-concurrent-supply.html"/></extension><example value="false"/><sourceReference><reference value="StructureDefinition/grounds-for-concurrent-supply"/></sourceReference></resource><resource><extension url="http://hl7.org/fhir/StructureDefinition/implementationguide-page"><valueUri value="StructureDefinition-au-pbs-pharma-manufacturer.html"/></extension><example value="false"/><sourceReference><reference value="StructureDefinition/au-pbs-pharma-manufacturer"/></sourceReference></resource><resource><extension url="http://hl7.org/fhir/StructureDefinition/implementationguide-page"><valueUri value="CodeSystem-codesystem-au-grounds-for-concurrent-supply.html"/></extension><example value="false"/><sourceReference><reference value="CodeSystem/codesystem-au-grounds-for-concurrent-supply"/></sourceReference></resource><resource><extension url="http://hl7.org/fhir/StructureDefinition/implementationguide-page"><valueUri value="ValueSet-au-grounds-for-concurrent-supply.html"/></extension><example value="false"/><sourceReference><reference value="ValueSet/valueset-au-grounds-for-concurrent-supply"/></sourceReference></resource></package><page><source value="index.html"/><title value="Australian Base Profiles Implementation Guide"/><kind value="page"/></page></ImplementationGuide>