<?xml version="1.0" encoding="UTF-8"?><StructureDefinition xmlns="http://hl7.org/fhir"><id value="au-organisation"/><meta><lastUpdated value="2017-06-01T14:37:46.857+10:00"/></meta><text><status value="generated"/><div xmlns="http://www.w3.org/1999/xhtml">
			<p>AU Organisation</p>
		</div></text><url value="http://hl7.org.au/fhir/StructureDefinition/au-organisation"/><name value="Australian Healthcare Organisation"/><title value="Australian Healthcare Organisation"/><status value="draft"/><date value="2017-03-11T17:30:54+11:00"/><publisher value="Health Level Seven Australia (Patient Administration)"/><contact><telecom><value value="http://hl7.org.au/fhir"/></telecom></contact><description value="Australian realm Organisation profile"/><purpose value="Tracking patient is the center of the healthcare process."/><fhirVersion value="3.0.1"/><mapping><identity value="v2"/><uri value="http://hl7.org/v2"/><name value="HL7 v2 Mapping"/></mapping><mapping><identity value="rim"/><uri value="http://hl7.org/v3"/><name value="RIM Mapping"/></mapping><mapping><identity value="servd"/><uri value="http://www.omg.org/spec/ServD/1.0/"/><name value="ServD"/></mapping><mapping><identity value="w5"/><uri value="http://hl7.org/fhir/w5"/><name value="W5 Mapping"/></mapping><kind value="resource"/><abstract value="false"/><type value="Organization"/><baseDefinition value="http://hl7.org/fhir/StructureDefinition/Organization"/><derivation value="constraint"/><snapshot><element id="Organization"><path value="Organization"/><short value="A grouping of people or organizations with a common purpose"/><definition value="A formally or informally recognized grouping of people or organizations formed for the purpose of achieving some form of collective action.  Includes companies, institutions, corporations, departments, community groups, healthcare practice groups, etc."/><min value="0"/><max value="*"/><base><path value="Organization"/><min value="0"/><max value="*"/></base><constraint><key value="dom-2"/><severity value="error"/><human value="If the resource is contained in another resource, it SHALL NOT contain nested Resources"/><expression value="contained.contained.empty()"/><xpath value="not(parent::f:contained and f:contained)"/><source value="DomainResource"/></constraint><constraint><key value="dom-1"/><severity value="error"/><human value="If the resource is contained in another resource, it SHALL NOT contain any narrative"/><expression value="contained.text.empty()"/><xpath value="not(parent::f:contained and f:text)"/><source value="DomainResource"/></constraint><constraint><key value="dom-4"/><severity value="error"/><human value="If a resource is contained in another resource, it SHALL NOT have a meta.versionId or a meta.lastUpdated"/><expression value="contained.meta.versionId.empty() and contained.meta.lastUpdated.empty()"/><xpath value="not(exists(f:contained/*/f:meta/f:versionId)) and not(exists(f:contained/*/f:meta/f:lastUpdated))"/><source value="DomainResource"/></constraint><constraint><key value="dom-3"/><severity value="error"/><human value="If the resource is contained in another resource, it SHALL be referred to from elsewhere in the resource"/><expression value="contained.where((&#39;#&#39;+id in %resource.descendants().reference).not()).empty()"/><xpath value="not(exists(for $id in f:contained/*/@id return $id[not(ancestor::f:contained/parent::*/descendant::f:reference/@value=concat(&#39;#&#39;, $id))]))"/><source value="DomainResource"/></constraint><constraint><key value="org-1"/><severity value="error"/><human value="The organization SHALL at least have a name or an id, and possibly more than one"/><expression value="(identifier.count() + name.count()) &gt; 0"/><xpath value="count(f:identifier | f:name) &gt; 0"/><source value="Organization"/></constraint><mapping><identity value="rim"/><map value="Entity. Role, or Act"/></mapping><mapping><identity value="v2"/><map value="(also see master files messages)"/></mapping><mapping><identity value="rim"/><map value="Organization(classCode=ORG, determinerCode=INST)"/></mapping><mapping><identity value="servd"/><map value="Organization"/></mapping><mapping><identity value="w5"/><map value="administrative.group"/></mapping></element><element id="Organization.id"><path value="Organization.id"/><short value="Logical id of this artifact"/><definition value="The logical id of the resource, as used in the URL for the resource. Once assigned, this value never changes."/><comment value="The only time that a resource does not have an id is when it is being submitted to the server using a create operation."/><min value="0"/><max value="1"/><base><path value="Resource.id"/><min value="0"/><max value="1"/></base><type><code value="id"/></type><isSummary value="true"/></element><element id="Organization.meta"><path value="Organization.meta"/><short value="Metadata about the resource"/><definition value="The metadata about the resource. This is content that is maintained by the infrastructure. Changes to the content may not always be associated with version changes to the resource."/><min value="0"/><max value="1"/><base><path value="Resource.meta"/><min value="0"/><max value="1"/></base><type><code value="Meta"/></type><isSummary value="true"/></element><element id="Organization.implicitRules"><path value="Organization.implicitRules"/><short value="A set of rules under which this content was created"/><definition value="A reference to a set of rules that were followed when the resource was constructed, and which must be understood when processing the content."/><comment value="Asserting this rule set restricts the content to be only understood by a limited set of trading partners. This inherently limits the usefulness of the data in the long term. However, the existing health eco-system is highly fractured, and not yet ready to define, collect, and exchange data in a generally computable sense. Wherever possible, implementers and/or specification writers should avoid using this element. &#xA;&#xA;This element is labelled as a modifier because the implicit rules may provide additional knowledge about the resource that modifies it&#39;s meaning or interpretation."/><min value="0"/><max value="1"/><base><path value="Resource.implicitRules"/><min value="0"/><max value="1"/></base><type><code value="uri"/></type><isModifier value="true"/><isSummary value="true"/></element><element id="Organization.language"><path value="Organization.language"/><short value="Language of the resource content"/><definition value="The base language in which the resource is written."/><comment value="Language is provided to support indexing and accessibility (typically, services such as text to speech use the language tag). The html language tag in the narrative applies  to the narrative. The language tag on the resource may be used to specify the language of other presentations generated from the data in the resource  Not all the content has to be in the base language. The Resource.language should not be assumed to apply to the narrative automatically. If a language is specified, it should it also be specified on the div element in the html (see rules in HTML5 for information about the relationship between xml:lang and the html lang attribute)."/><min value="0"/><max value="1"/><base><path value="Resource.language"/><min value="0"/><max value="1"/></base><type><code value="code"/></type><binding><extension url="http://hl7.org/fhir/StructureDefinition/elementdefinition-maxValueSet"><valueReference><reference value="http://hl7.org/fhir/ValueSet/all-languages"/></valueReference></extension><extension url="http://hl7.org/fhir/StructureDefinition/elementdefinition-bindingName"><valueString value="Language"/></extension><extension url="http://hl7.org/fhir/StructureDefinition/elementdefinition-isCommonBinding"><valueBoolean value="true"/></extension><strength value="extensible"/><description value="A human language."/><valueSetReference><reference value="http://hl7.org/fhir/ValueSet/languages"/></valueSetReference></binding></element><element id="Organization.text"><path value="Organization.text"/><short value="Text summary of the resource, for human interpretation"/><definition value="A human-readable narrative that contains a summary of the resource, and may be used to represent the content of the resource to a human. The narrative need not encode all the structured data, but is required to contain sufficient detail to make it &quot;clinically safe&quot; for a human to just read the narrative. Resource definitions may define what content should be represented in the narrative to ensure clinical safety."/><comment value="Contained resources do not have narrative. Resources that are not contained SHOULD have a narrative. In some cases, a resource may only have text with little or no additional discrete data (as long as all minOccurs=1 elements are satisfied).  This may be necessary for data from legacy systems where information is captured as a &quot;text blob&quot; or where text is additionally entered raw or narrated and encoded in formation is added later."/><alias value="narrative"/><alias value="html"/><alias value="xhtml"/><alias value="display"/><min value="0"/><max value="1"/><base><path value="DomainResource.text"/><min value="0"/><max value="1"/></base><type><code value="Narrative"/></type><condition value="dom-1"/><mapping><identity value="rim"/><map value="Act.text?"/></mapping></element><element id="Organization.contained"><path value="Organization.contained"/><short value="Contained, inline Resources"/><definition value="These resources do not have an independent existence apart from the resource that contains them - they cannot be identified independently, and nor can they have their own independent transaction scope."/><comment value="This should never be done when the content can be identified properly, as once identification is lost, it is extremely difficult (and context dependent) to restore it again."/><alias value="inline resources"/><alias value="anonymous resources"/><alias value="contained resources"/><min value="0"/><max value="*"/><base><path value="DomainResource.contained"/><min value="0"/><max value="*"/></base><type><code value="Resource"/></type><mapping><identity value="rim"/><map value="N/A"/></mapping></element><element id="Organization.extension"><path value="Organization.extension"/><short value="Additional Content defined by implementations"/><definition value="May be used to represent additional information that is not part of the basic definition of the resource. In order to make the use of extensions safe and manageable, there is a strict set of governance  applied to the definition and use of extensions. Though any implementer is allowed to define an extension, there is a set of requirements that SHALL be met as part of the definition of the extension."/><comment value="There can be no stigma associated with the use of extensions by any application, project, or standard - regardless of the institution or jurisdiction that uses or defines the extensions.  The use of extensions is what allows the FHIR specification to retain a core level of simplicity for everyone."/><alias value="extensions"/><alias value="user content"/><min value="0"/><max value="*"/><base><path value="DomainResource.extension"/><min value="0"/><max value="*"/></base><type><code value="Extension"/></type><mapping><identity value="rim"/><map value="N/A"/></mapping></element><element id="Organization.modifierExtension"><path value="Organization.modifierExtension"/><short value="Extensions that cannot be ignored"/><definition value="May be used to represent additional information that is not part of the basic definition of the resource, and that modifies the understanding of the element that contains it. Usually modifier elements provide negation or qualification. In order to make the use of extensions safe and manageable, there is a strict set of governance applied to the definition and use of extensions. Though any implementer is allowed to define an extension, there is a set of requirements that SHALL be met as part of the definition of the extension. Applications processing a resource are required to check for modifier extensions."/><comment value="There can be no stigma associated with the use of extensions by any application, project, or standard - regardless of the institution or jurisdiction that uses or defines the extensions.  The use of extensions is what allows the FHIR specification to retain a core level of simplicity for everyone."/><alias value="extensions"/><alias value="user content"/><min value="0"/><max value="*"/><base><path value="DomainResource.modifierExtension"/><min value="0"/><max value="*"/></base><type><code value="Extension"/></type><isModifier value="true"/><mapping><identity value="rim"/><map value="N/A"/></mapping></element><element id="Organization.identifier"><path value="Organization.identifier"/><slicing><discriminator><type value="value"/><path value="system"/></discriminator><discriminator><type value="value"/><path value="type"/></discriminator><rules value="openAtEnd"/></slicing><short value="Identifies this organization  across multiple systems"/><definition value="Identifier for the organization that is used to identify the organization across multiple disparate systems."/><requirements value="Organizations are known by a variety of ids. Some institutions maintain several, and most collect identifiers for exchange with other organizations concerning the organization."/><min value="0"/><max value="*"/><base><path value="Organization.identifier"/><min value="0"/><max value="*"/></base><type><code value="Identifier"/></type><condition value="org-1"/><isSummary value="true"/><mapping><identity value="v2"/><map value="XON.10 / XON.3"/></mapping><mapping><identity value="rim"/><map value=".scopes[Role](classCode=IDENT)"/></mapping><mapping><identity value="servd"/><map value="./Identifiers"/></mapping><mapping><identity value="w5"/><map value="id"/></mapping></element><element id="Organization.identifier:hpi-o"><path value="Organization.identifier"/><sliceName value="HPI-O"/><short value="National organisation identifier"/><definition value="Health Provider Identifier for Organisation"/><requirements value="Organizations are known by a variety of ids. Some institutions maintain several, and most collect identifiers for exchange with other organizations concerning the organization."/><min value="0"/><max value="1"/><base><path value="Organization.identifier"/><min value="0"/><max value="*"/></base><type><code value="Identifier"/></type><condition value="org-1"/><constraint><key value="inv-hpio-0"/><severity value="error"/><human value="HPI-O is exactly 16 characters"/><expression value="value.length() = 16"/></constraint><constraint><key value="inv-hpio-1"/><severity value="error"/><human value="HPI-O prefix is 800362"/><expression value="value.startsWith(&#39;800362&#39;)"/></constraint><isSummary value="true"/><mapping><identity value="v2"/><map value="XON.10 / XON.3"/></mapping><mapping><identity value="rim"/><map value=".scopes[Role](classCode=IDENT)"/></mapping><mapping><identity value="servd"/><map value="./Identifiers"/></mapping><mapping><identity value="w5"/><map value="id"/></mapping></element><element id="Organization.identifier:hpi-o.id"><path value="Organization.identifier.id"/><representation value="xmlAttr"/><short value="xml:id (or equivalent in JSON)"/><definition value="unique id for the element within a resource (for internal references). This may be any string value that does not contain spaces."/><min value="0"/><max value="1"/><base><path value="Element.id"/><min value="0"/><max value="1"/></base><type><code value="string"/></type><mapping><identity value="rim"/><map value="n/a"/></mapping></element><element id="Organization.identifier:hpi-o.extension"><path value="Organization.identifier.extension"/><slicing><discriminator><type value="value"/><path value="url"/></discriminator><description value="Extensions are always sliced by (at least) url"/><rules value="open"/></slicing><short value="Additional Content defined by implementations"/><definition value="May be used to represent additional information that is not part of the basic definition of the element. In order to make the use of extensions safe and manageable, there is a strict set of governance  applied to the definition and use of extensions. Though any implementer is allowed to define an extension, there is a set of requirements that SHALL be met as part of the definition of the extension."/><comment value="There can be no stigma associated with the use of extensions by any application, project, or standard - regardless of the institution or jurisdiction that uses or defines the extensions.  The use of extensions is what allows the FHIR specification to retain a core level of simplicity for everyone."/><alias value="extensions"/><alias value="user content"/><min value="0"/><max value="*"/><base><path value="Element.extension"/><min value="0"/><max value="*"/></base><type><code value="Extension"/></type><mapping><identity value="rim"/><map value="n/a"/></mapping></element><element id="Organization.identifier:hpi-o.use"><path value="Organization.identifier.use"/><short value="usual | official | temp | secondary (If known)"/><definition value="The purpose of this identifier."/><comment value="This is labeled as &quot;Is Modifier&quot; because applications should not mistake a temporary id for a permanent one. Applications can assume that an identifier is permanent unless it explicitly says that it is temporary."/><requirements value="Allows the appropriate identifier for a particular context of use to be selected from among a set of identifiers."/><min value="0"/><max value="1"/><base><path value="Identifier.use"/><min value="0"/><max value="1"/></base><type><code value="code"/></type><isModifier value="true"/><isSummary value="true"/><binding><extension url="http://hl7.org/fhir/StructureDefinition/elementdefinition-bindingName"><valueString value="IdentifierUse"/></extension><strength value="required"/><description value="Identifies the purpose for this identifier, if known ."/><valueSetReference><reference value="http://hl7.org/fhir/ValueSet/identifier-use"/></valueSetReference></binding><mapping><identity value="v2"/><map value="N/A"/></mapping><mapping><identity value="rim"/><map value="Role.code or implied by context"/></mapping></element><element id="Organization.identifier:hpi-o.type"><path value="Organization.identifier.type"/><short value="HPI-O Identifier Type"/><definition value="Element describing the type of identifier"/><comment value="This element deals only with general categories of identifiers.  It SHOULD not be used for codes that correspond 1..1 with the Identifier.system. Some identifiers may fall into multiple categories due to common usage. &#xA;&#xA;Where the system is known, a type is unnecessary because the type is always part of the system definition. However systems often need to handle identifiers where the system is not known. There is not a 1:1 relationship between type and system, since many different systems have the same type."/><requirements value="Allows users to make use of identifiers when the identifier system is not known."/><min value="1"/><max value="1"/><base><path value="Identifier.type"/><min value="0"/><max value="1"/></base><type><code value="CodeableConcept"/></type><isSummary value="true"/><binding><extension url="http://hl7.org/fhir/StructureDefinition/elementdefinition-bindingName"><valueString value="IdentifierType"/></extension><extension url="http://hl7.org/fhir/StructureDefinition/elementdefinition-isCommonBinding"><valueBoolean value="true"/></extension><strength value="extensible"/><description value="A coded type for an identifier that can be used to determine which identifier to use for a specific purpose."/><valueSetReference><reference value="http://hl7.org/fhir/ValueSet/identifier-type"/></valueSetReference></binding><mapping><identity value="v2"/><map value="CX.5"/></mapping><mapping><identity value="rim"/><map value="Role.code or implied by context"/></mapping></element><element id="Organization.identifier:hpi-o.type.id"><path value="Organization.identifier.type.id"/><representation value="xmlAttr"/><short value="xml:id (or equivalent in JSON)"/><definition value="unique id for the element within a resource (for internal references). This may be any string value that does not contain spaces."/><min value="0"/><max value="1"/><base><path value="Element.id"/><min value="0"/><max value="1"/></base><type><code value="string"/></type><mapping><identity value="rim"/><map value="n/a"/></mapping></element><element id="Organization.identifier:hpi-o.type.extension"><path value="Organization.identifier.type.extension"/><slicing><discriminator><type value="value"/><path value="url"/></discriminator><description value="Extensions are always sliced by (at least) url"/><rules value="open"/></slicing><short value="Additional Content defined by implementations"/><definition value="May be used to represent additional information that is not part of the basic definition of the element. In order to make the use of extensions safe and manageable, there is a strict set of governance  applied to the definition and use of extensions. Though any implementer is allowed to define an extension, there is a set of requirements that SHALL be met as part of the definition of the extension."/><comment value="There can be no stigma associated with the use of extensions by any application, project, or standard - regardless of the institution or jurisdiction that uses or defines the extensions.  The use of extensions is what allows the FHIR specification to retain a core level of simplicity for everyone."/><alias value="extensions"/><alias value="user content"/><min value="0"/><max value="*"/><base><path value="Element.extension"/><min value="0"/><max value="*"/></base><type><code value="Extension"/></type><mapping><identity value="rim"/><map value="n/a"/></mapping></element><element id="Organization.identifier:hpi-o.type.coding"><path value="Organization.identifier.type.coding"/><short value="HPI-O Identifier Type Code"/><definition value="Coding for the identifier type"/><comment value="Codes may be defined very casually in enumerations, or code lists, up to very formal definitions such as SNOMED CT - see the HL7 v3 Core Principles for more information.  Ordering of codings is undefined and SHALL NOT be used to infer meaning. Generally, at most only one of the coding values will be labeled as UserSelected = true."/><requirements value="Allows for translations and alternate encodings within a code system.  Also supports communication of the same instance to systems requiring different encodings."/><min value="0"/><max value="1"/><base><path value="CodeableConcept.coding"/><min value="0"/><max value="*"/></base><type><code value="Coding"/></type><fixedCoding><system value="http://hl7.org.au/fhir/v2/0203"/><code value="NOI"/><display value="National Organisation Identifier"/></fixedCoding><isSummary value="true"/><mapping><identity value="v2"/><map value="C*E.1-8, C*E.10-22"/></mapping><mapping><identity value="rim"/><map value="union(., ./translation)"/></mapping><mapping><identity value="orim"/><map value="fhir:CodeableConcept.coding rdfs:subPropertyOf dt:CD.coding"/></mapping></element><element id="Organization.identifier:hpi-o.type.text"><extension url="http://hl7.org/fhir/StructureDefinition/elementdefinition-translatable"><valueBoolean value="true"/></extension><path value="Organization.identifier.type.text"/><short value="HPI-O Identifier Type Descriptive Text"/><definition value="Descriptive text for the identifier type"/><comment value="Very often the text is the same as a displayName of one of the codings."/><requirements value="The codes from the terminologies do not always capture the correct meaning with all the nuances of the human using them, or sometimes there is no appropriate code at all. In these cases, the text is used to capture the full meaning of the source."/><min value="1"/><max value="1"/><base><path value="CodeableConcept.text"/><min value="0"/><max value="1"/></base><type><code value="string"/></type><fixedString value="HPI-O"/><isSummary value="true"/><mapping><identity value="v2"/><map value="C*E.9. But note many systems use C*E.2 for this"/></mapping><mapping><identity value="rim"/><map value="./originalText[mediaType/code=&quot;text/plain&quot;]/data"/></mapping><mapping><identity value="orim"/><map value="fhir:CodeableConcept.text rdfs:subPropertyOf dt:CD.originalText"/></mapping></element><element id="Organization.identifier:hpi-o.system"><path value="Organization.identifier.system"/><short value="The namespace for the identifier value"/><definition value="Namespace uri for HPI-O values"/><requirements value="There are many sets  of identifiers.  To perform matching of two identifiers, we need to know what set we&#39;re dealing with. The system identifies a particular set of unique identifiers."/><min value="1"/><max value="1"/><base><path value="Identifier.system"/><min value="0"/><max value="1"/></base><type><code value="uri"/></type><fixedUri value="http://ns.electronichealth.net.au/id/hi/hpio/1.0"/><example><label value="General"/><valueUri value="http://www.acme.com/identifiers/patient or urn:ietf:rfc:3986 if the Identifier.value itself is a full uri"/></example><isSummary value="true"/><mapping><identity value="v2"/><map value="CX.4 / EI-2-4"/></mapping><mapping><identity value="rim"/><map value="II.root or Role.id.root"/></mapping><mapping><identity value="servd"/><map value="./IdentifierType"/></mapping></element><element id="Organization.identifier:hpi-o.value"><path value="Organization.identifier.value"/><short value="The value that is unique"/><definition value="Identifier for the organization that is used to identify the organization across multiple disparate systems."/><comment value="If the value is a full URI, then the system SHALL be urn:ietf:rfc:3986.  The value&#39;s primary purpose is computational mapping.  As a result, it may be normalized for comparison purposes (e.g. removing non-significant whitespace, dashes, etc.)  A value formatted for human display can be conveyed using the [Rendered Value extension](extension-rendered-value.html)."/><min value="1"/><max value="1"/><base><path value="Identifier.value"/><min value="0"/><max value="1"/></base><type><code value="string"/></type><example><label value="General"/><valueString value="123456"/></example><example><label value="HPI-O number"/><valueString value="8003627500000328"/></example><maxLength value="16"/><isSummary value="true"/><mapping><identity value="v2"/><map value="CX.1 / EI.1"/></mapping><mapping><identity value="rim"/><map value="II.extension or II.root if system indicates OID or GUID (Or Role.id.extension or root)"/></mapping><mapping><identity value="servd"/><map value="./Value"/></mapping></element><element id="Organization.identifier:hpi-o.period"><path value="Organization.identifier.period"/><short value="Time period when id is/was valid for use"/><definition value="Time period during which identifier is/was valid for use."/><min value="0"/><max value="1"/><base><path value="Identifier.period"/><min value="0"/><max value="1"/></base><type><code value="Period"/></type><isSummary value="true"/><mapping><identity value="v2"/><map value="CX.7 + CX.8"/></mapping><mapping><identity value="rim"/><map value="Role.effectiveTime or implied by context"/></mapping><mapping><identity value="servd"/><map value="./StartDate and ./EndDate"/></mapping></element><element id="Organization.identifier:hpi-o.assigner"><path value="Organization.identifier.assigner"/><short value="Organization that issued id (may be just text)"/><definition value="Organization that issued/manages the identifier."/><comment value="The Identifier.assigner may omit the .reference element and only contain a .display element reflecting the name or other textual information about the assigning organization."/><min value="0"/><max value="1"/><base><path value="Identifier.assigner"/><min value="0"/><max value="1"/></base><type><code value="Reference"/><targetProfile value="http://hl7.org/fhir/StructureDefinition/Organization"/></type><isSummary value="true"/><mapping><identity value="v2"/><map value="CX.4 / (CX.4,CX.9,CX.10)"/></mapping><mapping><identity value="rim"/><map value="II.assigningAuthorityName but note that this is an improper use by the definition of the field.  Also Role.scoper"/></mapping><mapping><identity value="servd"/><map value="./IdentifierIssuingAuthority"/></mapping></element><element id="Organization.identifier:asic-business-identifier"><path value="Organization.identifier"/><sliceName value="asic-business-identifier"/><short value="ASIC assigned identifier for business"/><definition value="ASIC assigned identifier for business/entity. That is ABN (Australian Business Number), ACN (Australian Company Number) or ARBN (Australian Registered Body Number)."/><requirements value="Organizations are known by a variety of ids. Some institutions maintain several, and most collect identifiers for exchange with other organizations concerning the organization."/><min value="0"/><max value="*"/><base><path value="Organization.identifier"/><min value="0"/><max value="*"/></base><type><code value="Identifier"/></type><condition value="org-1"/><constraint><key value="inv-asic-abn-name"/><severity value="error"/><human value="Type text must be &#39;ABN&#39; when code is &#39;ABN&#39;"/><expression value="type.coding.code=&#39;ABN&#39; and type.text != &#39;ABN&#39;"/></constraint><constraint><key value="inv-asic-abn-length"/><severity value="error"/><human value="&#39;ABN&#39; must be 11 digits"/><expression value="type.coding.code=&#39;ABN&#39; and value.length()=11"/></constraint><constraint><key value="inv-asic-acn-name"/><severity value="error"/><human value="Type text must be &#39;ACN&#39; when code is &#39;ACN&#39;"/><expression value="type.coding.code=&#39;ACN&#39; and type.text != &#39;ACN&#39;"/></constraint><constraint><key value="inv-asic-acn-length"/><severity value="error"/><human value="&#39;ACN&#39; must be 9 digits"/><expression value="type.coding.code=&#39;ACN&#39; and value.length()=9"/></constraint><constraint><key value="inv-asic-arbn-name"/><severity value="error"/><human value="Type text must be &#39;ARBN&#39; when code is &#39;ARBN&#39;"/><expression value="type.coding.code=&#39;ARBN&#39; and type.text != &#39;ARBN&#39;"/></constraint><constraint><key value="inv-asic-arbn-length"/><severity value="error"/><human value="&#39;ARBN&#39; must be 9 digits"/><expression value="type.coding.code=&#39;ARBN&#39; and value.length()=9"/></constraint><isSummary value="true"/><mapping><identity value="v2"/><map value="XON.10 / XON.3"/></mapping><mapping><identity value="rim"/><map value=".scopes[Role](classCode=IDENT)"/></mapping><mapping><identity value="servd"/><map value="./Identifiers"/></mapping><mapping><identity value="w5"/><map value="id"/></mapping></element><element id="Organization.identifier:asic-business-identifier.id"><path value="Organization.identifier.id"/><representation value="xmlAttr"/><short value="xml:id (or equivalent in JSON)"/><definition value="unique id for the element within a resource (for internal references). This may be any string value that does not contain spaces."/><min value="0"/><max value="1"/><base><path value="Element.id"/><min value="0"/><max value="1"/></base><type><code value="string"/></type><mapping><identity value="rim"/><map value="n/a"/></mapping></element><element id="Organization.identifier:asic-business-identifier.extension"><path value="Organization.identifier.extension"/><slicing><discriminator><type value="value"/><path value="url"/></discriminator><description value="Extensions are always sliced by (at least) url"/><rules value="open"/></slicing><short value="Additional Content defined by implementations"/><definition value="May be used to represent additional information that is not part of the basic definition of the element. In order to make the use of extensions safe and manageable, there is a strict set of governance  applied to the definition and use of extensions. Though any implementer is allowed to define an extension, there is a set of requirements that SHALL be met as part of the definition of the extension."/><comment value="There can be no stigma associated with the use of extensions by any application, project, or standard - regardless of the institution or jurisdiction that uses or defines the extensions.  The use of extensions is what allows the FHIR specification to retain a core level of simplicity for everyone."/><alias value="extensions"/><alias value="user content"/><min value="0"/><max value="*"/><base><path value="Element.extension"/><min value="0"/><max value="*"/></base><type><code value="Extension"/></type><mapping><identity value="rim"/><map value="n/a"/></mapping></element><element id="Organization.identifier:asic-business-identifier.use"><path value="Organization.identifier.use"/><short value="usual | official | temp | secondary (If known)"/><definition value="The purpose of this identifier."/><comment value="This is labeled as &quot;Is Modifier&quot; because applications should not mistake a temporary id for a permanent one. Applications can assume that an identifier is permanent unless it explicitly says that it is temporary."/><requirements value="Allows the appropriate identifier for a particular context of use to be selected from among a set of identifiers."/><min value="0"/><max value="1"/><base><path value="Identifier.use"/><min value="0"/><max value="1"/></base><type><code value="code"/></type><isModifier value="true"/><isSummary value="true"/><binding><extension url="http://hl7.org/fhir/StructureDefinition/elementdefinition-bindingName"><valueString value="IdentifierUse"/></extension><strength value="required"/><description value="Identifies the purpose for this identifier, if known ."/><valueSetReference><reference value="http://hl7.org/fhir/ValueSet/identifier-use"/></valueSetReference></binding><mapping><identity value="v2"/><map value="N/A"/></mapping><mapping><identity value="rim"/><map value="Role.code or implied by context"/></mapping></element><element id="Organization.identifier:asic-business-identifier.type"><path value="Organization.identifier.type"/><short value="Description of identifier"/><definition value="A coded type for the identifier that can be used to determine which identifier to use for a specific purpose."/><comment value="This element deals only with general categories of identifiers.  It SHOULD not be used for codes that correspond 1..1 with the Identifier.system. Some identifiers may fall into multiple categories due to common usage. &#xA;&#xA;Where the system is known, a type is unnecessary because the type is always part of the system definition. However systems often need to handle identifiers where the system is not known. There is not a 1:1 relationship between type and system, since many different systems have the same type."/><requirements value="Allows users to make use of identifiers when the identifier system is not known."/><min value="1"/><max value="1"/><base><path value="Identifier.type"/><min value="0"/><max value="1"/></base><type><code value="CodeableConcept"/></type><isSummary value="true"/><binding><extension url="http://hl7.org/fhir/StructureDefinition/elementdefinition-bindingName"><valueString value="IdentifierType"/></extension><extension url="http://hl7.org/fhir/StructureDefinition/elementdefinition-isCommonBinding"><valueBoolean value="true"/></extension><strength value="required"/><description value="ASIC identifier types"/><valueSetReference><reference value="http://hl7.org.au/fhir/ValueSet/valueset-au-asic"/></valueSetReference></binding><mapping><identity value="v2"/><map value="CX.5"/></mapping><mapping><identity value="rim"/><map value="Role.code or implied by context"/></mapping></element><element id="Organization.identifier:asic-business-identifier.system"><path value="Organization.identifier.system"/><short value="The namespace for the identifier value"/><definition value="Establishes the namespace for the value - that is, a URL that describes a set values that are unique."/><requirements value="There are many sets  of identifiers.  To perform matching of two identifiers, we need to know what set we&#39;re dealing with. The system identifies a particular set of unique identifiers."/><min value="1"/><max value="1"/><base><path value="Identifier.system"/><min value="0"/><max value="1"/></base><type><code value="uri"/></type><fixedUri value="http://business.gov.au"/><example><label value="General"/><valueUri value="http://www.acme.com/identifiers/patient or urn:ietf:rfc:3986 if the Identifier.value itself is a full uri"/></example><isSummary value="true"/><mapping><identity value="v2"/><map value="CX.4 / EI-2-4"/></mapping><mapping><identity value="rim"/><map value="II.root or Role.id.root"/></mapping><mapping><identity value="servd"/><map value="./IdentifierType"/></mapping></element><element id="Organization.identifier:asic-business-identifier.value"><path value="Organization.identifier.value"/><short value="ASIC identifier value"/><definition value="ASIC identiffier value ABN, ACN or ARBN."/><comment value="If the value is a full URI, then the system SHALL be urn:ietf:rfc:3986.  The value&#39;s primary purpose is computational mapping.  As a result, it may be normalized for comparison purposes (e.g. removing non-significant whitespace, dashes, etc.)  A value formatted for human display can be conveyed using the [Rendered Value extension](extension-rendered-value.html)."/><min value="1"/><max value="1"/><base><path value="Identifier.value"/><min value="0"/><max value="1"/></base><type><code value="string"/></type><example><label value="General"/><valueString value="123456"/></example><isSummary value="true"/><mapping><identity value="v2"/><map value="CX.1 / EI.1"/></mapping><mapping><identity value="rim"/><map value="II.extension or II.root if system indicates OID or GUID (Or Role.id.extension or root)"/></mapping><mapping><identity value="servd"/><map value="./Value"/></mapping></element><element id="Organization.identifier:asic-business-identifier.period"><path value="Organization.identifier.period"/><short value="Time period when id is/was valid for use"/><definition value="Time period during which identifier is/was valid for use."/><min value="0"/><max value="1"/><base><path value="Identifier.period"/><min value="0"/><max value="1"/></base><type><code value="Period"/></type><isSummary value="true"/><mapping><identity value="v2"/><map value="CX.7 + CX.8"/></mapping><mapping><identity value="rim"/><map value="Role.effectiveTime or implied by context"/></mapping><mapping><identity value="servd"/><map value="./StartDate and ./EndDate"/></mapping></element><element id="Organization.identifier:asic-business-identifier.assigner"><path value="Organization.identifier.assigner"/><short value="Organization that issued id (may be just text)"/><definition value="Organization that issued/manages the identifier."/><comment value="The Identifier.assigner may omit the .reference element and only contain a .display element reflecting the name or other textual information about the assigning organization."/><min value="0"/><max value="1"/><base><path value="Identifier.assigner"/><min value="0"/><max value="1"/></base><type><code value="Reference"/><targetProfile value="http://hl7.org/fhir/StructureDefinition/Organization"/></type><isSummary value="true"/><mapping><identity value="v2"/><map value="CX.4 / (CX.4,CX.9,CX.10)"/></mapping><mapping><identity value="rim"/><map value="II.assigningAuthorityName but note that this is an improper use by the definition of the field.  Also Role.scoper"/></mapping><mapping><identity value="servd"/><map value="./IdentifierIssuingAuthority"/></mapping></element><element id="Organization.active"><path value="Organization.active"/><short value="Whether the organization&#39;s record is still in active use"/><definition value="Whether the organization&#39;s record is still in active use."/><comment value="Default is true.&#xA;&#xA;This active flag is not intended to be used to mark an organizations as temporarily closed or under construction. Instead the Location(s) within the Organization should have the suspended status. If further details of the reason for the suspension are required, then an extension on this element should be used.&#xA;&#xA;This element is labeled as a modifier because it may be used to mark that the resource was created in error."/><requirements value="Need a flag to indicate a record is no longer to be used and should generally be hidden for the user in the UI."/><min value="0"/><max value="1"/><base><path value="Organization.active"/><min value="0"/><max value="1"/></base><type><code value="boolean"/></type><defaultValueBoolean value="true"/><isModifier value="true"/><isSummary value="true"/><mapping><identity value="v2"/><map value="No equivalent in HL7 v2"/></mapping><mapping><identity value="rim"/><map value=".status"/></mapping><mapping><identity value="servd"/><map value="./Status (however this concept in ServD more covers why the organization is active or not, could be delisted, deregistered, not operational yet) this could alternatively be derived from ./StartDate and ./EndDate and given a context date."/></mapping><mapping><identity value="w5"/><map value="status"/></mapping></element><element id="Organization.type"><path value="Organization.type"/><slicing><discriminator><type value="value"/><path value="Coding.system"/></discriminator><rules value="openAtEnd"/></slicing><short value="Kind of organization"/><definition value="Identifier for the organization that is used to identify the organization across multiple disparate systems."/><comment value="Organizations can be corporations, wards, sections, clinical teams, government departments, etc. Note that code is generally a classifier of the type of organization; in many applications, codes are used to identity a particular organization (say, ward) as opposed to another of the same type - these are identifiers, not codes&#xA;&#xA;When considering if multiple types are appropriate, you should evaluate if child organizations would be a more appropriate use of the concept, as different types likely are in different sub-areas of the organization. This is most likely to be used where type values have orthogonal values, such as a religious, academic and medical center.&#xA;&#xA;We expect that some jurisdictions will profile this optionality to be a single cardinality."/><requirements value="Need to be able to track the kind of organization that this is - different organization types have different uses."/><min value="0"/><max value="*"/><base><path value="Organization.type"/><min value="0"/><max value="*"/></base><type><code value="CodeableConcept"/></type><isSummary value="true"/><binding><extension url="http://hl7.org/fhir/StructureDefinition/elementdefinition-bindingName"><valueString value="OrganizationType"/></extension><strength value="example"/><description value="Used to categorize the organization"/><valueSetReference><reference value="http://hl7.org/fhir/ValueSet/organization-type"/></valueSetReference></binding><mapping><identity value="v2"/><map value="No equivalent in v2"/></mapping><mapping><identity value="rim"/><map value=".code"/></mapping><mapping><identity value="servd"/><map value="n/a"/></mapping><mapping><identity value="w5"/><map value="class"/></mapping></element><element id="Organization.type:organization-type-class"><path value="Organization.type"/><sliceName value="organization-type-class"/><short value="Organisation Class Type"/><definition value="The kind of organization that this is coded as ANZSIC class type"/><comment value="Australian and New Zealand standard classification of industry category level 1 class type"/><requirements value="Need to be able to track the kind of organization that this is - different organization types have different uses."/><min value="0"/><max value="1"/><base><path value="Organization.type"/><min value="0"/><max value="*"/></base><type><code value="CodeableConcept"/></type><isSummary value="true"/><binding><extension url="http://hl7.org/fhir/StructureDefinition/elementdefinition-bindingName"><valueString value="OrganizationType"/></extension><strength value="required"/><description value="Used to categorize the organization class"/><valueSetUri value="http://hl7.org.au/fhir/ValueSet/valueset-anzsic-restricted-class"/></binding><mapping><identity value="v2"/><map value="No equivalent in v2"/></mapping><mapping><identity value="rim"/><map value=".code"/></mapping><mapping><identity value="servd"/><map value="n/a"/></mapping><mapping><identity value="w5"/><map value="class"/></mapping></element><element id="Organization.type:organization-type-activity"><path value="Organization.type"/><sliceName value="organization-type-activity"/><short value="Organisation Activity Type"/><definition value="The kind of organization that this is coded as ANZSIC activity type"/><comment value="Australian and New Zealand standard classification of industry category level 2 activity type"/><requirements value="Need to be able to track the kind of organization that this is - different organization types have different uses."/><min value="0"/><max value="1"/><base><path value="Organization.type"/><min value="0"/><max value="*"/></base><type><code value="CodeableConcept"/></type><isSummary value="true"/><binding><extension url="http://hl7.org/fhir/StructureDefinition/elementdefinition-bindingName"><valueString value="OrganizationType"/></extension><strength value="required"/><description value="Used to categorize the organization activity type"/><valueSetUri value="http://hl7.org.au/fhir/ValueSet/valueset-anzsic-restricted-activity"/></binding><mapping><identity value="v2"/><map value="No equivalent in v2"/></mapping><mapping><identity value="rim"/><map value=".code"/></mapping><mapping><identity value="servd"/><map value="n/a"/></mapping><mapping><identity value="w5"/><map value="class"/></mapping></element><element id="Organization.name"><path value="Organization.name"/><short value="Name used for the organization"/><definition value="A name associated with the organization."/><comment value="If the name of an organization changes, consider putting the old name in the alias column so that it can still be located through searches."/><requirements value="Need to use the name as the label of the organization."/><min value="0"/><max value="1"/><base><path value="Organization.name"/><min value="0"/><max value="1"/></base><type><code value="string"/></type><condition value="org-1"/><isSummary value="true"/><mapping><identity value="v2"/><map value="XON.1"/></mapping><mapping><identity value="rim"/><map value=".name"/></mapping><mapping><identity value="servd"/><map value=".PreferredName/Name"/></mapping></element><element id="Organization.alias"><path value="Organization.alias"/><short value="A list of&#xA0;alternate names that the organization is known as, or was known as in the past"/><definition value="A list of&#xA0;alternate names that the organization is known as, or was known as in the past."/><comment value="There are no dates associated with the alias/historic names, as this is not intended to track when names were used, but to assist in searching so that older names can still result in identifying the organization."/><requirements value="Over time locations and organizations go through many changes and can be known by different names.&#xA;&#xA;For searching knowing previous names that the organization was known by can be very useful."/><min value="0"/><max value="*"/><base><path value="Organization.alias"/><min value="0"/><max value="*"/></base><type><code value="string"/></type><mapping><identity value="rim"/><map value=".name"/></mapping></element><element id="Organization.telecom"><path value="Organization.telecom"/><short value="A contact detail for the organization"/><definition value="A contact detail for the organization."/><comment value="The use code home is not to be used. Note that these contacts are not the contact details of people who are employed by or represent the organization, but official contacts for the organization itself."/><requirements value="Human contact for the organization."/><min value="0"/><max value="*"/><base><path value="Organization.telecom"/><min value="0"/><max value="*"/></base><type><code value="ContactPoint"/></type><condition value="org-3"/><constraint><key value="org-3"/><severity value="error"/><human value="The telecom of an organization can never be of use &#39;home&#39;"/><expression value="where(use = &#39;home&#39;).empty()"/><xpath value="count(f:use[@value=&#39;home&#39;]) = 0"/></constraint><mapping><identity value="v2"/><map value="ORC-22?"/></mapping><mapping><identity value="rim"/><map value=".telecom"/></mapping><mapping><identity value="servd"/><map value="./ContactPoints"/></mapping></element><element id="Organization.address"><path value="Organization.address"/><short value="An address for the organization"/><definition value="An address for the organization."/><comment value="Organization may have multiple addresses with different uses or applicable periods. The use code home is not to be used."/><requirements value="May need to keep track of the organization&#39;s addresses for contacting, billing or reporting requirements."/><min value="0"/><max value="*"/><base><path value="Organization.address"/><min value="0"/><max value="*"/></base><type><code value="Address"/></type><condition value="org-2"/><constraint><key value="org-2"/><severity value="error"/><human value="An address of an organization can never be of use &#39;home&#39;"/><expression value="where(use = &#39;home&#39;).empty()"/><xpath value="count(f:use[@value=&#39;home&#39;]) = 0"/></constraint><mapping><identity value="v2"/><map value="ORC-23?"/></mapping><mapping><identity value="rim"/><map value=".address"/></mapping><mapping><identity value="servd"/><map value="./PrimaryAddress and ./OtherAddresses"/></mapping></element><element id="Organization.partOf"><path value="Organization.partOf"/><short value="The organization of which this organization forms a part"/><definition value="The organization of which this organization forms a part."/><requirements value="Need to be able to track the hierarchy of organizations within an organization."/><min value="0"/><max value="1"/><base><path value="Organization.partOf"/><min value="0"/><max value="1"/></base><type><code value="Reference"/><targetProfile value="http://hl7.org/fhir/StructureDefinition/Organization"/></type><isSummary value="true"/><mapping><identity value="v2"/><map value="No equivalent in HL7 v2"/></mapping><mapping><identity value="rim"/><map value=".playedBy[classCode=Part].scoper"/></mapping><mapping><identity value="servd"/><map value="n/a"/></mapping></element><element id="Organization.contact"><path value="Organization.contact"/><short value="Contact for the organization for a certain purpose"/><definition value="Contact for the organization for a certain purpose."/><comment value="Where multiple contacts for the same purpose are provided there is a standard extension that can be used to determine which one is the preferred contact to use."/><requirements value="Need to keep track of assigned contact points within bigger organization."/><min value="0"/><max value="*"/><base><path value="Organization.contact"/><min value="0"/><max value="*"/></base><type><code value="BackboneElement"/></type><constraint><key value="ele-1"/><severity value="error"/><human value="All FHIR elements must have a @value or children"/><expression value="hasValue() | (children().count() &gt; id.count())"/><xpath value="@value|f:*|h:div"/><source value="Element"/></constraint><mapping><identity value="rim"/><map value=".contactParty"/></mapping></element><element id="Organization.contact.id"><path value="Organization.contact.id"/><representation value="xmlAttr"/><short value="xml:id (or equivalent in JSON)"/><definition value="unique id for the element within a resource (for internal references). This may be any string value that does not contain spaces."/><min value="0"/><max value="1"/><base><path value="Element.id"/><min value="0"/><max value="1"/></base><type><code value="string"/></type><mapping><identity value="rim"/><map value="n/a"/></mapping></element><element id="Organization.contact.extension"><path value="Organization.contact.extension"/><short value="Additional Content defined by implementations"/><definition value="May be used to represent additional information that is not part of the basic definition of the element. In order to make the use of extensions safe and manageable, there is a strict set of governance  applied to the definition and use of extensions. Though any implementer is allowed to define an extension, there is a set of requirements that SHALL be met as part of the definition of the extension."/><comment value="There can be no stigma associated with the use of extensions by any application, project, or standard - regardless of the institution or jurisdiction that uses or defines the extensions.  The use of extensions is what allows the FHIR specification to retain a core level of simplicity for everyone."/><alias value="extensions"/><alias value="user content"/><min value="0"/><max value="*"/><base><path value="Element.extension"/><min value="0"/><max value="*"/></base><type><code value="Extension"/></type><mapping><identity value="rim"/><map value="n/a"/></mapping></element><element id="Organization.contact.modifierExtension"><path value="Organization.contact.modifierExtension"/><short value="Extensions that cannot be ignored"/><definition value="May be used to represent additional information that is not part of the basic definition of the element, and that modifies the understanding of the element that contains it. Usually modifier elements provide negation or qualification. In order to make the use of extensions safe and manageable, there is a strict set of governance applied to the definition and use of extensions. Though any implementer is allowed to define an extension, there is a set of requirements that SHALL be met as part of the definition of the extension. Applications processing a resource are required to check for modifier extensions."/><comment value="There can be no stigma associated with the use of extensions by any application, project, or standard - regardless of the institution or jurisdiction that uses or defines the extensions.  The use of extensions is what allows the FHIR specification to retain a core level of simplicity for everyone."/><alias value="extensions"/><alias value="user content"/><alias value="modifiers"/><min value="0"/><max value="*"/><base><path value="BackboneElement.modifierExtension"/><min value="0"/><max value="*"/></base><type><code value="Extension"/></type><isModifier value="true"/><isSummary value="true"/><mapping><identity value="rim"/><map value="N/A"/></mapping></element><element id="Organization.contact.purpose"><path value="Organization.contact.purpose"/><short value="The type of contact"/><definition value="Indicates a purpose for which the contact can be reached."/><requirements value="Need to distinguish between multiple contact persons."/><min value="0"/><max value="1"/><base><path value="Organization.contact.purpose"/><min value="0"/><max value="1"/></base><type><code value="CodeableConcept"/></type><binding><extension url="http://hl7.org/fhir/StructureDefinition/elementdefinition-bindingName"><valueString value="ContactPartyType"/></extension><strength value="extensible"/><description value="The purpose for which you would contact a contact party"/><valueSetReference><reference value="http://hl7.org/fhir/ValueSet/contactentity-type"/></valueSetReference></binding><mapping><identity value="rim"/><map value="./type"/></mapping></element><element id="Organization.contact.name"><path value="Organization.contact.name"/><short value="A name associated with the contact"/><definition value="A name associated with the contact."/><requirements value="Need to be able to track the person by name."/><min value="0"/><max value="1"/><base><path value="Organization.contact.name"/><min value="0"/><max value="1"/></base><type><code value="HumanName"/></type><mapping><identity value="v2"/><map value="PID-5, PID-9"/></mapping><mapping><identity value="rim"/><map value="./name"/></mapping></element><element id="Organization.contact.telecom"><path value="Organization.contact.telecom"/><short value="Contact details (telephone, email, etc.)  for a contact"/><definition value="A contact detail (e.g. a telephone number or an email address) by which the party may be contacted."/><requirements value="People have (primary) ways to contact them in some way such as phone, email."/><min value="0"/><max value="*"/><base><path value="Organization.contact.telecom"/><min value="0"/><max value="*"/></base><type><code value="ContactPoint"/></type><mapping><identity value="v2"/><map value="PID-13, PID-14"/></mapping><mapping><identity value="rim"/><map value="./telecom"/></mapping></element><element id="Organization.contact.address"><path value="Organization.contact.address"/><short value="Visiting or postal addresses for the contact"/><definition value="Visiting or postal addresses for the contact."/><requirements value="May need to keep track of a contact party&#39;s address for contacting, billing or reporting requirements."/><min value="0"/><max value="1"/><base><path value="Organization.contact.address"/><min value="0"/><max value="1"/></base><type><code value="Address"/></type><mapping><identity value="v2"/><map value="PID-11"/></mapping><mapping><identity value="rim"/><map value="./addr"/></mapping></element><element id="Organization.endpoint"><path value="Organization.endpoint"/><short value="Technical endpoints providing access to services operated for the organization"/><definition value="Technical endpoints providing access to services operated for the organization."/><requirements value="Organizations have multiple systems that provide various services and need to be able to define the technical connection details for how to connect to them, and for what purpose."/><min value="0"/><max value="*"/><base><path value="Organization.endpoint"/><min value="0"/><max value="*"/></base><type><code value="Reference"/><targetProfile value="http://hl7.org/fhir/StructureDefinition/Endpoint"/></type><mapping><identity value="rim"/><map value="n/a"/></mapping></element></snapshot><differential><element id="Organization"><path value="Organization"/></element><element id="Organization.identifier"><path value="Organization.identifier"/><slicing><discriminator><type value="value"/><path value="system"/></discriminator><discriminator><type value="value"/><path value="type"/></discriminator><rules value="openAtEnd"/></slicing></element><element id="Organization.identifier:hpi-o"><path value="Organization.identifier"/><sliceName value="HPI-O"/><short value="National organisation identifier"/><definition value="Health Provider Identifier for Organisation"/><max value="1"/><constraint><key value="inv-hpio-0"/><severity value="error"/><human value="HPI-O is exactly 16 characters"/><expression value="value.length() = 16"/></constraint><constraint><key value="inv-hpio-1"/><severity value="error"/><human value="HPI-O prefix is 800362"/><expression value="value.startsWith(&#39;800362&#39;)"/></constraint></element><element id="Organization.identifier:hpi-o.type"><path value="Organization.identifier.type"/><short value="HPI-O Identifier Type"/><definition value="Element describing the type of identifier"/><min value="1"/></element><element id="Organization.identifier:hpi-o.type.coding"><path value="Organization.identifier.type.coding"/><short value="HPI-O Identifier Type Code"/><definition value="Coding for the identifier type"/><max value="1"/><fixedCoding><system value="http://hl7.org.au/fhir/v2/0203"/><code value="NOI"/><display value="National Organisation Identifier"/></fixedCoding></element><element id="Organization.identifier:hpi-o.type.text"><extension url="http://hl7.org/fhir/StructureDefinition/elementdefinition-translatable"><valueBoolean value="true"/></extension><path value="Organization.identifier.type.text"/><short value="HPI-O Identifier Type Descriptive Text"/><definition value="Descriptive text for the identifier type"/><min value="1"/><fixedString value="HPI-O"/></element><element id="Organization.identifier:hpi-o.system"><path value="Organization.identifier.system"/><definition value="Namespace uri for HPI-O values"/><min value="1"/><fixedUri value="http://ns.electronichealth.net.au/id/hi/hpio/1.0"/></element><element id="Organization.identifier:hpi-o.value"><path value="Organization.identifier.value"/><definition value="Identifier for the organization that is used to identify the organization across multiple disparate systems."/><min value="1"/><example><label value="HPI-O number"/><valueString value="8003627500000328"/></example><maxLength value="16"/></element><element id="Organization.identifier:asic-business-identifier"><path value="Organization.identifier"/><sliceName value="asic-business-identifier"/><short value="ASIC assigned identifier for business"/><definition value="ASIC assigned identifier for business/entity. That is ABN (Australian Business Number), ACN (Australian Company Number) or ARBN (Australian Registered Body Number)."/><constraint><key value="inv-asic-abn-name"/><severity value="error"/><human value="Type text must be &#39;ABN&#39; when code is &#39;ABN&#39;"/><expression value="type.coding.code=&#39;ABN&#39; and type.text != &#39;ABN&#39;"/></constraint><constraint><key value="inv-asic-abn-length"/><severity value="error"/><human value="&#39;ABN&#39; must be 11 digits"/><expression value="type.coding.code=&#39;ABN&#39; and value.length()=11"/></constraint><constraint><key value="inv-asic-acn-name"/><severity value="error"/><human value="Type text must be &#39;ACN&#39; when code is &#39;ACN&#39;"/><expression value="type.coding.code=&#39;ACN&#39; and type.text != &#39;ACN&#39;"/></constraint><constraint><key value="inv-asic-acn-length"/><severity value="error"/><human value="&#39;ACN&#39; must be 9 digits"/><expression value="type.coding.code=&#39;ACN&#39; and value.length()=9"/></constraint><constraint><key value="inv-asic-arbn-name"/><severity value="error"/><human value="Type text must be &#39;ARBN&#39; when code is &#39;ARBN&#39;"/><expression value="type.coding.code=&#39;ARBN&#39; and type.text != &#39;ARBN&#39;"/></constraint><constraint><key value="inv-asic-arbn-length"/><severity value="error"/><human value="&#39;ARBN&#39; must be 9 digits"/><expression value="type.coding.code=&#39;ARBN&#39; and value.length()=9"/></constraint></element><element id="Organization.identifier:asic-business-identifier.type"><path value="Organization.identifier.type"/><min value="1"/><binding><extension url="http://hl7.org/fhir/StructureDefinition/elementdefinition-bindingName"><valueString value="IdentifierType"/></extension><extension url="http://hl7.org/fhir/StructureDefinition/elementdefinition-isCommonBinding"><valueBoolean value="true"/></extension><strength value="required"/><description value="ASIC identifier types"/><valueSetReference><reference value="http://hl7.org.au/fhir/ValueSet/valueset-au-asic"/></valueSetReference></binding></element><element id="Organization.identifier:asic-business-identifier.system"><path value="Organization.identifier.system"/><min value="1"/><type><code value="uri"/></type><fixedUri value="http://business.gov.au"/></element><element id="Organization.identifier:asic-business-identifier.value"><path value="Organization.identifier.value"/><short value="ASIC identifier value"/><definition value="ASIC identiffier value ABN, ACN or ARBN."/><min value="1"/><type><code value="string"/></type></element><element id="Organization.type"><path value="Organization.type"/><slicing><discriminator><type value="value"/><path value="Coding.system"/></discriminator><rules value="openAtEnd"/></slicing><definition value="Identifier for the organization that is used to identify the organization across multiple disparate systems."/></element><element id="Organization.type:organization-type-class"><path value="Organization.type"/><sliceName value="organization-type-class"/><short value="Organisation Class Type"/><definition value="The kind of organization that this is coded as ANZSIC class type"/><comment value="Australian and New Zealand standard classification of industry category level 1 class type"/><max value="1"/><binding><extension url="http://hl7.org/fhir/StructureDefinition/elementdefinition-bindingName"><valueString value="OrganizationType"/></extension><strength value="required"/><description value="Used to categorize the organization class"/><valueSetUri value="http://hl7.org.au/fhir/ValueSet/valueset-anzsic-restricted-class"/></binding></element><element id="Organization.type:organization-type-activity"><path value="Organization.type"/><sliceName value="organization-type-activity"/><short value="Organisation Activity Type"/><definition value="The kind of organization that this is coded as ANZSIC activity type"/><comment value="Australian and New Zealand standard classification of industry category level 2 activity type"/><max value="1"/><binding><extension url="http://hl7.org/fhir/StructureDefinition/elementdefinition-bindingName"><valueString value="OrganizationType"/></extension><strength value="required"/><description value="Used to categorize the organization activity type"/><valueSetUri value="http://hl7.org.au/fhir/ValueSet/valueset-anzsic-restricted-activity"/></binding></element></differential></StructureDefinition>