<?xml version="1.0" encoding="UTF-8"?><StructureDefinition xmlns="http://hl7.org/fhir"><id value="au-practitionerrole"/><meta><lastUpdated value="2017-05-11T23:50:15.775+10:00"/></meta><text><status value="generated"/><div xmlns="http://www.w3.org/1999/xhtml">
  <p>AU Practitioner Role</p>
</div></text><url value="http://hl7.org.au/fhir/StructureDefinition/au-practitionerrole"/><name value="Australian Provider Role"/><title value="Australian Practitioner Role"/><status value="draft"/><date value="2017-03-11T17:30:54+11:00"/><publisher value="Health Level Seven Australia (Patient Administration)"/><contact><telecom><value value="http://hl7.org.au"/></telecom></contact><description value="Base profile for Australian context Practitioner Role (Provider)"/><purpose value="Details of the role of a practitioner."/><fhirVersion value="3.0.1"/><mapping><identity value="v2"/><uri value="http://hl7.org/v2"/><name value="HL7 v2 Mapping"/></mapping><mapping><identity value="rim"/><uri value="http://hl7.org/v3"/><name value="RIM Mapping"/></mapping><mapping><identity value="servd"/><uri value="http://www.omg.org/spec/ServD/1.0/"/><name value="ServD"/></mapping><mapping><identity value="w5"/><uri value="http://hl7.org/fhir/w5"/><name value="W5 Mapping"/></mapping><kind value="resource"/><abstract value="false"/><type value="PractitionerRole"/><baseDefinition value="http://hl7.org/fhir/StructureDefinition/PractitionerRole"/><derivation value="constraint"/><snapshot><element id="PractitionerRole"><path value="PractitionerRole"/><short value="Australian practitioner role at a location"/><definition value="Provider at a location."/><min value="0"/><max value="*"/><base><path value="PractitionerRole"/><min value="0"/><max value="*"/></base><constraint><key value="dom-2"/><severity value="error"/><human value="If the resource is contained in another resource, it SHALL NOT contain nested Resources"/><expression value="contained.contained.empty()"/><xpath value="not(parent::f:contained and f:contained)"/><source value="DomainResource"/></constraint><constraint><key value="dom-1"/><severity value="error"/><human value="If the resource is contained in another resource, it SHALL NOT contain any narrative"/><expression value="contained.text.empty()"/><xpath value="not(parent::f:contained and f:text)"/><source value="DomainResource"/></constraint><constraint><key value="dom-4"/><severity value="error"/><human value="If a resource is contained in another resource, it SHALL NOT have a meta.versionId or a meta.lastUpdated"/><expression value="contained.meta.versionId.empty() and contained.meta.lastUpdated.empty()"/><xpath value="not(exists(f:contained/*/f:meta/f:versionId)) and not(exists(f:contained/*/f:meta/f:lastUpdated))"/><source value="DomainResource"/></constraint><constraint><key value="dom-3"/><severity value="error"/><human value="If the resource is contained in another resource, it SHALL be referred to from elsewhere in the resource"/><expression value="contained.where((&#39;#&#39;+id in %resource.descendants().reference).not()).empty()"/><xpath value="not(exists(for $id in f:contained/*/@id return $id[not(ancestor::f:contained/parent::*/descendant::f:reference/@value=concat(&#39;#&#39;, $id))]))"/><source value="DomainResource"/></constraint><mapping><identity value="rim"/><map value="Entity. Role, or Act"/></mapping><mapping><identity value="v2"/><map value="PRD (as one example)"/></mapping><mapping><identity value="rim"/><map value="Role"/></mapping><mapping><identity value="servd"/><map value="ServiceSiteProvider"/></mapping><mapping><identity value="w5"/><map value="administrative.individual"/></mapping></element><element id="PractitionerRole.id"><path value="PractitionerRole.id"/><short value="Logical id of this artifact"/><definition value="The logical id of the resource, as used in the URL for the resource. Once assigned, this value never changes."/><comment value="The only time that a resource does not have an id is when it is being submitted to the server using a create operation."/><min value="0"/><max value="1"/><base><path value="Resource.id"/><min value="0"/><max value="1"/></base><type><code value="id"/></type><isSummary value="true"/></element><element id="PractitionerRole.meta"><path value="PractitionerRole.meta"/><short value="Metadata about the resource"/><definition value="The metadata about the resource. This is content that is maintained by the infrastructure. Changes to the content may not always be associated with version changes to the resource."/><min value="0"/><max value="1"/><base><path value="Resource.meta"/><min value="0"/><max value="1"/></base><type><code value="Meta"/></type><isSummary value="true"/></element><element id="PractitionerRole.implicitRules"><path value="PractitionerRole.implicitRules"/><short value="A set of rules under which this content was created"/><definition value="A reference to a set of rules that were followed when the resource was constructed, and which must be understood when processing the content."/><comment value="Asserting this rule set restricts the content to be only understood by a limited set of trading partners. This inherently limits the usefulness of the data in the long term. However, the existing health eco-system is highly fractured, and not yet ready to define, collect, and exchange data in a generally computable sense. Wherever possible, implementers and/or specification writers should avoid using this element. &#xA;&#xA;This element is labelled as a modifier because the implicit rules may provide additional knowledge about the resource that modifies it&#39;s meaning or interpretation."/><min value="0"/><max value="1"/><base><path value="Resource.implicitRules"/><min value="0"/><max value="1"/></base><type><code value="uri"/></type><isModifier value="true"/><isSummary value="true"/></element><element id="PractitionerRole.language"><path value="PractitionerRole.language"/><short value="Language of the resource content"/><definition value="The base language in which the resource is written."/><comment value="Language is provided to support indexing and accessibility (typically, services such as text to speech use the language tag). The html language tag in the narrative applies  to the narrative. The language tag on the resource may be used to specify the language of other presentations generated from the data in the resource  Not all the content has to be in the base language. The Resource.language should not be assumed to apply to the narrative automatically. If a language is specified, it should it also be specified on the div element in the html (see rules in HTML5 for information about the relationship between xml:lang and the html lang attribute)."/><min value="0"/><max value="1"/><base><path value="Resource.language"/><min value="0"/><max value="1"/></base><type><code value="code"/></type><binding><extension url="http://hl7.org/fhir/StructureDefinition/elementdefinition-maxValueSet"><valueReference><reference value="http://hl7.org/fhir/ValueSet/all-languages"/></valueReference></extension><extension url="http://hl7.org/fhir/StructureDefinition/elementdefinition-bindingName"><valueString value="Language"/></extension><extension url="http://hl7.org/fhir/StructureDefinition/elementdefinition-isCommonBinding"><valueBoolean value="true"/></extension><strength value="extensible"/><description value="A human language."/><valueSetReference><reference value="http://hl7.org/fhir/ValueSet/languages"/></valueSetReference></binding></element><element id="PractitionerRole.text"><path value="PractitionerRole.text"/><short value="Text summary of the resource, for human interpretation"/><definition value="A human-readable narrative that contains a summary of the resource, and may be used to represent the content of the resource to a human. The narrative need not encode all the structured data, but is required to contain sufficient detail to make it &quot;clinically safe&quot; for a human to just read the narrative. Resource definitions may define what content should be represented in the narrative to ensure clinical safety."/><comment value="Contained resources do not have narrative. Resources that are not contained SHOULD have a narrative. In some cases, a resource may only have text with little or no additional discrete data (as long as all minOccurs=1 elements are satisfied).  This may be necessary for data from legacy systems where information is captured as a &quot;text blob&quot; or where text is additionally entered raw or narrated and encoded in formation is added later."/><alias value="narrative"/><alias value="html"/><alias value="xhtml"/><alias value="display"/><min value="0"/><max value="1"/><base><path value="DomainResource.text"/><min value="0"/><max value="1"/></base><type><code value="Narrative"/></type><condition value="dom-1"/><mapping><identity value="rim"/><map value="Act.text?"/></mapping></element><element id="PractitionerRole.contained"><path value="PractitionerRole.contained"/><short value="Contained, inline Resources"/><definition value="These resources do not have an independent existence apart from the resource that contains them - they cannot be identified independently, and nor can they have their own independent transaction scope."/><comment value="This should never be done when the content can be identified properly, as once identification is lost, it is extremely difficult (and context dependent) to restore it again."/><alias value="inline resources"/><alias value="anonymous resources"/><alias value="contained resources"/><min value="0"/><max value="*"/><base><path value="DomainResource.contained"/><min value="0"/><max value="*"/></base><type><code value="Resource"/></type><mapping><identity value="rim"/><map value="N/A"/></mapping></element><element id="PractitionerRole.extension"><path value="PractitionerRole.extension"/><short value="Additional Content defined by implementations"/><definition value="May be used to represent additional information that is not part of the basic definition of the resource. In order to make the use of extensions safe and manageable, there is a strict set of governance  applied to the definition and use of extensions. Though any implementer is allowed to define an extension, there is a set of requirements that SHALL be met as part of the definition of the extension."/><comment value="There can be no stigma associated with the use of extensions by any application, project, or standard - regardless of the institution or jurisdiction that uses or defines the extensions.  The use of extensions is what allows the FHIR specification to retain a core level of simplicity for everyone."/><alias value="extensions"/><alias value="user content"/><min value="0"/><max value="*"/><base><path value="DomainResource.extension"/><min value="0"/><max value="*"/></base><type><code value="Extension"/></type><mapping><identity value="rim"/><map value="N/A"/></mapping></element><element id="PractitionerRole.modifierExtension"><path value="PractitionerRole.modifierExtension"/><short value="Extensions that cannot be ignored"/><definition value="May be used to represent additional information that is not part of the basic definition of the resource, and that modifies the understanding of the element that contains it. Usually modifier elements provide negation or qualification. In order to make the use of extensions safe and manageable, there is a strict set of governance applied to the definition and use of extensions. Though any implementer is allowed to define an extension, there is a set of requirements that SHALL be met as part of the definition of the extension. Applications processing a resource are required to check for modifier extensions."/><comment value="There can be no stigma associated with the use of extensions by any application, project, or standard - regardless of the institution or jurisdiction that uses or defines the extensions.  The use of extensions is what allows the FHIR specification to retain a core level of simplicity for everyone."/><alias value="extensions"/><alias value="user content"/><min value="0"/><max value="*"/><base><path value="DomainResource.modifierExtension"/><min value="0"/><max value="*"/></base><type><code value="Extension"/></type><isModifier value="true"/><mapping><identity value="rim"/><map value="N/A"/></mapping></element><element id="PractitionerRole.identifier"><path value="PractitionerRole.identifier"/><slicing><discriminator><type value="value"/><path value="system"/></discriminator><discriminator><type value="value"/><path value="type"/></discriminator><rules value="openAtEnd"/></slicing><short value="Business Identifiers that are specific to a role/location"/><definition value="other identifiers"/><requirements value="Often, specific identities are assigned for the agent."/><min value="0"/><max value="*"/><base><path value="PractitionerRole.identifier"/><min value="0"/><max value="*"/></base><type><code value="Identifier"/></type><isSummary value="true"/><mapping><identity value="v2"/><map value="PRD-7 (or XCN.1)"/></mapping><mapping><identity value="rim"/><map value=".id"/></mapping><mapping><identity value="servd"/><map value="./Identifiers"/></mapping><mapping><identity value="w5"/><map value="id"/></mapping></element><element id="PractitionerRole.identifier:providernumber"><path value="PractitionerRole.identifier"/><sliceName value="Provider Number"/><short value="Australian provider number"/><definition value="Provider number for this practitioner role"/><requirements value="Often, specific identities are assigned for the agent."/><min value="0"/><max value="1"/><base><path value="PractitionerRole.identifier"/><min value="0"/><max value="*"/></base><type><code value="Identifier"/></type><isSummary value="true"/><mapping><identity value="v2"/><map value="PRD-7 (or XCN.1)"/></mapping><mapping><identity value="rim"/><map value=".id"/></mapping><mapping><identity value="servd"/><map value="./Identifiers"/></mapping><mapping><identity value="w5"/><map value="id"/></mapping></element><element id="PractitionerRole.identifier:providernumber.id"><path value="PractitionerRole.identifier.id"/><representation value="xmlAttr"/><short value="xml:id (or equivalent in JSON)"/><definition value="unique id for the element within a resource (for internal references). This may be any string value that does not contain spaces."/><min value="0"/><max value="1"/><base><path value="Element.id"/><min value="0"/><max value="1"/></base><type><code value="string"/></type><mapping><identity value="rim"/><map value="n/a"/></mapping></element><element id="PractitionerRole.identifier:providernumber.extension"><path value="PractitionerRole.identifier.extension"/><slicing><discriminator><type value="value"/><path value="url"/></discriminator><description value="Extensions are always sliced by (at least) url"/><rules value="open"/></slicing><short value="Additional Content defined by implementations"/><definition value="May be used to represent additional information that is not part of the basic definition of the element. In order to make the use of extensions safe and manageable, there is a strict set of governance  applied to the definition and use of extensions. Though any implementer is allowed to define an extension, there is a set of requirements that SHALL be met as part of the definition of the extension."/><comment value="There can be no stigma associated with the use of extensions by any application, project, or standard - regardless of the institution or jurisdiction that uses or defines the extensions.  The use of extensions is what allows the FHIR specification to retain a core level of simplicity for everyone."/><alias value="extensions"/><alias value="user content"/><min value="0"/><max value="*"/><base><path value="Element.extension"/><min value="0"/><max value="*"/></base><type><code value="Extension"/></type><mapping><identity value="rim"/><map value="n/a"/></mapping></element><element id="PractitionerRole.identifier:providernumber.use"><path value="PractitionerRole.identifier.use"/><short value="usual | official | temp | secondary (If known)"/><definition value="The purpose of this identifier."/><comment value="This is labeled as &quot;Is Modifier&quot; because applications should not mistake a temporary id for a permanent one. Applications can assume that an identifier is permanent unless it explicitly says that it is temporary."/><requirements value="Allows the appropriate identifier for a particular context of use to be selected from among a set of identifiers."/><min value="0"/><max value="1"/><base><path value="Identifier.use"/><min value="0"/><max value="1"/></base><type><code value="code"/></type><isModifier value="true"/><isSummary value="true"/><binding><extension url="http://hl7.org/fhir/StructureDefinition/elementdefinition-bindingName"><valueString value="IdentifierUse"/></extension><strength value="required"/><description value="Identifies the purpose for this identifier, if known ."/><valueSetReference><reference value="http://hl7.org/fhir/ValueSet/identifier-use"/></valueSetReference></binding><mapping><identity value="v2"/><map value="N/A"/></mapping><mapping><identity value="rim"/><map value="Role.code or implied by context"/></mapping></element><element id="PractitionerRole.identifier:providernumber.type"><path value="PractitionerRole.identifier.type"/><short value="Provider Number Identifier Type"/><definition value="Provider number for this practitioner role"/><comment value="This element deals only with general categories of identifiers.  It SHOULD not be used for codes that correspond 1..1 with the Identifier.system. Some identifiers may fall into multiple categories due to common usage. &#xA;&#xA;Where the system is known, a type is unnecessary because the type is always part of the system definition. However systems often need to handle identifiers where the system is not known. There is not a 1:1 relationship between type and system, since many different systems have the same type."/><requirements value="Allows users to make use of identifiers when the identifier system is not known."/><min value="1"/><max value="1"/><base><path value="Identifier.type"/><min value="0"/><max value="1"/></base><type><code value="CodeableConcept"/></type><isSummary value="true"/><binding><extension url="http://hl7.org/fhir/StructureDefinition/elementdefinition-bindingName"><valueString value="IdentifierType"/></extension><extension url="http://hl7.org/fhir/StructureDefinition/elementdefinition-isCommonBinding"><valueBoolean value="true"/></extension><strength value="extensible"/><description value="A coded type for an identifier that can be used to determine which identifier to use for a specific purpose."/><valueSetReference><reference value="http://hl7.org/fhir/ValueSet/identifier-type"/></valueSetReference></binding><mapping><identity value="v2"/><map value="CX.5"/></mapping><mapping><identity value="rim"/><map value="Role.code or implied by context"/></mapping></element><element id="PractitionerRole.identifier:providernumber.type.id"><path value="PractitionerRole.identifier.type.id"/><representation value="xmlAttr"/><short value="xml:id (or equivalent in JSON)"/><definition value="unique id for the element within a resource (for internal references). This may be any string value that does not contain spaces."/><min value="0"/><max value="1"/><base><path value="Element.id"/><min value="0"/><max value="1"/></base><type><code value="string"/></type><mapping><identity value="rim"/><map value="n/a"/></mapping></element><element id="PractitionerRole.identifier:providernumber.type.extension"><path value="PractitionerRole.identifier.type.extension"/><slicing><discriminator><type value="value"/><path value="url"/></discriminator><description value="Extensions are always sliced by (at least) url"/><rules value="open"/></slicing><short value="Additional Content defined by implementations"/><definition value="May be used to represent additional information that is not part of the basic definition of the element. In order to make the use of extensions safe and manageable, there is a strict set of governance  applied to the definition and use of extensions. Though any implementer is allowed to define an extension, there is a set of requirements that SHALL be met as part of the definition of the extension."/><comment value="There can be no stigma associated with the use of extensions by any application, project, or standard - regardless of the institution or jurisdiction that uses or defines the extensions.  The use of extensions is what allows the FHIR specification to retain a core level of simplicity for everyone."/><alias value="extensions"/><alias value="user content"/><min value="0"/><max value="*"/><base><path value="Element.extension"/><min value="0"/><max value="*"/></base><type><code value="Extension"/></type><mapping><identity value="rim"/><map value="n/a"/></mapping></element><element id="PractitionerRole.identifier:providernumber.type.coding"><path value="PractitionerRole.identifier.type.coding"/><short value="Provider Number Identifier Type Code"/><definition value="Provider number identifier type coding"/><comment value="Codes may be defined very casually in enumerations, or code lists, up to very formal definitions such as SNOMED CT - see the HL7 v3 Core Principles for more information.  Ordering of codings is undefined and SHALL NOT be used to infer meaning. Generally, at most only one of the coding values will be labeled as UserSelected = true."/><requirements value="Allows for translations and alternate encodings within a code system.  Also supports communication of the same instance to systems requiring different encodings."/><min value="0"/><max value="1"/><base><path value="CodeableConcept.coding"/><min value="0"/><max value="*"/></base><type><code value="Coding"/></type><fixedCoding><system value="http://hl7.org/fhir/v2/0203"/><code value="PRN"/><display value="Provider number"/></fixedCoding><isSummary value="true"/><mapping><identity value="v2"/><map value="C*E.1-8, C*E.10-22"/></mapping><mapping><identity value="rim"/><map value="union(., ./translation)"/></mapping><mapping><identity value="orim"/><map value="fhir:CodeableConcept.coding rdfs:subPropertyOf dt:CD.coding"/></mapping></element><element id="PractitionerRole.identifier:providernumber.type.text"><extension url="http://hl7.org/fhir/StructureDefinition/elementdefinition-translatable"><valueBoolean value="true"/></extension><path value="PractitionerRole.identifier.type.text"/><short value="Provider Number Identifier Type Descriptive Text"/><definition value="Provider number identifier type descriptive text"/><comment value="Very often the text is the same as a displayName of one of the codings."/><requirements value="The codes from the terminologies do not always capture the correct meaning with all the nuances of the human using them, or sometimes there is no appropriate code at all. In these cases, the text is used to capture the full meaning of the source."/><min value="1"/><max value="1"/><base><path value="CodeableConcept.text"/><min value="0"/><max value="1"/></base><type><code value="string"/></type><fixedString value="Medicare Provider Number"/><isSummary value="true"/><mapping><identity value="v2"/><map value="C*E.9. But note many systems use C*E.2 for this"/></mapping><mapping><identity value="rim"/><map value="./originalText[mediaType/code=&quot;text/plain&quot;]/data"/></mapping><mapping><identity value="orim"/><map value="fhir:CodeableConcept.text rdfs:subPropertyOf dt:CD.originalText"/></mapping></element><element id="PractitionerRole.identifier:providernumber.system"><path value="PractitionerRole.identifier.system"/><short value="The namespace for the identifier value"/><definition value="Provider number for this practitioner role"/><requirements value="There are many sets  of identifiers.  To perform matching of two identifiers, we need to know what set we&#39;re dealing with. The system identifies a particular set of unique identifiers."/><min value="1"/><max value="1"/><base><path value="Identifier.system"/><min value="0"/><max value="1"/></base><type><code value="uri"/></type><fixedUri value="http://ns.electronichealth.net.au/id/medicare-provider-number"/><example><label value="General"/><valueUri value="http://www.acme.com/identifiers/patient or urn:ietf:rfc:3986 if the Identifier.value itself is a full uri"/></example><isSummary value="true"/><mapping><identity value="v2"/><map value="CX.4 / EI-2-4"/></mapping><mapping><identity value="rim"/><map value="II.root or Role.id.root"/></mapping><mapping><identity value="servd"/><map value="./IdentifierType"/></mapping></element><element id="PractitionerRole.identifier:providernumber.value"><path value="PractitionerRole.identifier.value"/><short value="The value that is unique"/><definition value="Provider number for this practitioner role"/><comment value="If the value is a full URI, then the system SHALL be urn:ietf:rfc:3986.  The value&#39;s primary purpose is computational mapping.  As a result, it may be normalized for comparison purposes (e.g. removing non-significant whitespace, dashes, etc.)  A value formatted for human display can be conveyed using the [Rendered Value extension](extension-rendered-value.html)."/><min value="1"/><max value="1"/><base><path value="Identifier.value"/><min value="0"/><max value="1"/></base><type><code value="string"/></type><example><label value="General"/><valueString value="123456"/></example><example><label value="Provider number"/><valueString value="2426621B"/></example><isSummary value="true"/><mapping><identity value="v2"/><map value="CX.1 / EI.1"/></mapping><mapping><identity value="rim"/><map value="II.extension or II.root if system indicates OID or GUID (Or Role.id.extension or root)"/></mapping><mapping><identity value="servd"/><map value="./Value"/></mapping></element><element id="PractitionerRole.identifier:providernumber.period"><path value="PractitionerRole.identifier.period"/><short value="Time period when id is/was valid for use"/><definition value="Time period during which identifier is/was valid for use."/><min value="0"/><max value="1"/><base><path value="Identifier.period"/><min value="0"/><max value="1"/></base><type><code value="Period"/></type><isSummary value="true"/><mapping><identity value="v2"/><map value="CX.7 + CX.8"/></mapping><mapping><identity value="rim"/><map value="Role.effectiveTime or implied by context"/></mapping><mapping><identity value="servd"/><map value="./StartDate and ./EndDate"/></mapping></element><element id="PractitionerRole.identifier:providernumber.assigner"><path value="PractitionerRole.identifier.assigner"/><short value="Organization that issued id (may be just text)"/><definition value="Organization that issued/manages the identifier."/><comment value="The Identifier.assigner may omit the .reference element and only contain a .display element reflecting the name or other textual information about the assigning organization."/><min value="0"/><max value="1"/><base><path value="Identifier.assigner"/><min value="0"/><max value="1"/></base><type><code value="Reference"/><targetProfile value="http://hl7.org/fhir/StructureDefinition/Organization"/></type><isSummary value="true"/><mapping><identity value="v2"/><map value="CX.4 / (CX.4,CX.9,CX.10)"/></mapping><mapping><identity value="rim"/><map value="II.assigningAuthorityName but note that this is an improper use by the definition of the field.  Also Role.scoper"/></mapping><mapping><identity value="servd"/><map value="./IdentifierIssuingAuthority"/></mapping></element><element id="PractitionerRole.active"><path value="PractitionerRole.active"/><short value="Whether this practitioner&#39;s record is in active use"/><definition value="Whether this practitioner&#39;s record is in active use."/><comment value="Default is true. &#xD;&#xD;If the practitioner is not in use by one organization, then it should mark the period on the PractitonerRole with an end date (even if they are active) as they may be active in another role."/><requirements value="Need to be able to mark a practitioner record as not to be used because it was created in error."/><min value="0"/><max value="1"/><base><path value="PractitionerRole.active"/><min value="0"/><max value="1"/></base><type><code value="boolean"/></type><defaultValueBoolean value="true"/><isSummary value="true"/><mapping><identity value="v2"/><map value="STF-7"/></mapping><mapping><identity value="rim"/><map value=".statusCode"/></mapping><mapping><identity value="w5"/><map value="status"/></mapping></element><element id="PractitionerRole.period"><path value="PractitionerRole.period"/><short value="The period during which the practitioner is authorized to perform in these role(s)"/><definition value="The period during which the person is authorized to act as a practitioner in these role(s) for the organization."/><requirements value="Even after the agencies is revoked, the fact that it existed must still be recorded."/><min value="0"/><max value="1"/><base><path value="PractitionerRole.period"/><min value="0"/><max value="1"/></base><type><code value="Period"/></type><isSummary value="true"/><mapping><identity value="v2"/><map value="PRD-8/9 / PRA-5.4"/></mapping><mapping><identity value="rim"/><map value=".performance[@typeCode &lt;= &#39;PPRF&#39;].ActDefinitionOrEvent.effectiveTime"/></mapping><mapping><identity value="servd"/><map value="(ServD maps Practitioners and Organizations via another entity, so this concept is not available)"/></mapping><mapping><identity value="w5"/><map value="when.done"/></mapping></element><element id="PractitionerRole.practitioner"><path value="PractitionerRole.practitioner"/><short value="A person with a  formal responsibility in the provisioning of healthcare or related services"/><definition value="A person who is directly or indirectly involved in the provisioning of healthcare."/><comment value="Note that a cab driver no longer fits the bill. You probably would be interested in the organization rather than the individual?"/><min value="0"/><max value="1"/><base><path value="PractitionerRole.practitioner"/><min value="0"/><max value="1"/></base><type><code value="Reference"/><profile value="http://hl7.org.au/fhir/StructureDefinition/au-practitioner"/></type><isSummary value="true"/><mapping><identity value="rim"/><map value="Entity. Role, or Act"/></mapping><mapping><identity value="v2"/><map value="PRD (as one example)"/></mapping><mapping><identity value="rim"/><map value="Role"/></mapping><mapping><identity value="servd"/><map value="Provider"/></mapping><mapping><identity value="w5"/><map value="administrative.individual"/></mapping></element><element id="PractitionerRole.organization"><path value="PractitionerRole.organization"/><short value="Organization where the roles are available"/><definition value="The organization where the Practitioner performs the roles associated."/><min value="0"/><max value="1"/><base><path value="PractitionerRole.organization"/><min value="0"/><max value="1"/></base><type><code value="Reference"/><profile value="http://hl7.org.au/fhir/StructureDefinition/au-organisation"/></type><isSummary value="true"/><mapping><identity value="rim"/><map value=".scoper"/></mapping></element><element id="PractitionerRole.code"><path value="PractitionerRole.code"/><slicing><discriminator><type value="value"/><path value="Coding.system"/></discriminator><rules value="openAtEnd"/></slicing><short value="Roles which this practitioner may perform"/><definition value="Roles which this practitioner is authorized to perform for the organization."/><comment value="A person may have more than one role. At least one role is required."/><requirements value="Need to know what authority the practitioner has - what can they do?"/><min value="0"/><max value="*"/><base><path value="PractitionerRole.code"/><min value="0"/><max value="*"/></base><type><code value="CodeableConcept"/></type><isSummary value="true"/><binding><extension url="http://hl7.org/fhir/StructureDefinition/elementdefinition-bindingName"><valueString value="PractitionerRole"/></extension><strength value="example"/><description value="The role a person plays representing an organization"/><valueSetReference><reference value="http://hl7.org/fhir/ValueSet/practitioner-role"/></valueSetReference></binding><mapping><identity value="v2"/><map value="PRD-1 / STF-18  / PRA-3  / PRT-4  / ROL-3 / ORC-12 / OBR-16 / PV1-7 / PV1-8 / PV1-9 / PV1-17"/></mapping><mapping><identity value="rim"/><map value=".code"/></mapping><mapping><identity value="servd"/><map value="(ServD maps Practitioners and Organizations via another entity, so this concept is not available)"/></mapping></element><element id="PractitionerRole.specialty"><path value="PractitionerRole.specialty"/><short value="Specific specialty of the practitioner"/><definition value="Specific specialty of the practitioner."/><min value="0"/><max value="*"/><base><path value="PractitionerRole.specialty"/><min value="0"/><max value="*"/></base><type><code value="CodeableConcept"/></type><isSummary value="true"/><binding><extension url="http://hl7.org/fhir/StructureDefinition/elementdefinition-bindingName"><valueString value="PractitionerSpecialty"/></extension><strength value="preferred"/><description value="Specific specialty associated with the agency"/><valueSetReference><reference value="http://hl7.org/fhir/ValueSet/c80-practice-codes"/></valueSetReference></binding><mapping><identity value="v2"/><map value="PRA-5"/></mapping><mapping><identity value="rim"/><map value=".player.HealthCareProvider[@classCode = &#39;PROV&#39;].code"/></mapping><mapping><identity value="servd"/><map value="./Specialty"/></mapping></element><element id="PractitionerRole.location"><path value="PractitionerRole.location"/><short value="The location(s) at which this practitioner provides care"/><definition value="The location at which this practitioner is a provider"/><min value="0"/><max value="1"/><base><path value="PractitionerRole.location"/><min value="0"/><max value="*"/></base><type><code value="Reference"/><targetProfile value="http://hl7.org/fhir/StructureDefinition/Location"/></type><isSummary value="true"/><mapping><identity value="rim"/><map value=".performance.ActDefinitionOrEvent.ServiceDeliveryLocation[@classCode = &#39;SDLOC&#39;]"/></mapping><mapping><identity value="servd"/><map value="(ServD maps Practitioners and Organizations via another entity, so this concept is not available)&lt;br/&gt; However these are accessed via the Site.ServiceSite.ServiceSiteProvider record. (The Site has the location)"/></mapping><mapping><identity value="w5"/><map value="where"/></mapping></element><element id="PractitionerRole.healthcareService"><path value="PractitionerRole.healthcareService"/><short value="The list of healthcare services that this worker provides for this role&#39;s Organization/Location(s)"/><definition value="The list of healthcare services that this worker provides for this role&#39;s Organization/Location(s)."/><min value="0"/><max value="*"/><base><path value="PractitionerRole.healthcareService"/><min value="0"/><max value="*"/></base><type><code value="Reference"/><targetProfile value="http://hl7.org/fhir/StructureDefinition/HealthcareService"/></type><mapping><identity value="v2"/><map value="EDU-2 / AFF-3"/></mapping><mapping><identity value="rim"/><map value=".player.QualifiedEntity[@classCode = &#39;QUAL&#39;].code"/></mapping></element><element id="PractitionerRole.telecom"><path value="PractitionerRole.telecom"/><short value="Contact details that are specific to the role/location/service"/><definition value="Contact details that are specific to the role/location/service."/><requirements value="Often practitioners have a dedicated line for each location (or service) that they work at, and need to be able to define separate contact details for each of these."/><min value="0"/><max value="*"/><base><path value="PractitionerRole.telecom"/><min value="0"/><max value="*"/></base><type><code value="ContactPoint"/></type><isSummary value="true"/><mapping><identity value="rim"/><map value=".telecom"/></mapping></element><element id="PractitionerRole.availableTime"><path value="PractitionerRole.availableTime"/><short value="Times the Service Site is available"/><definition value="A collection of times that the Service Site is available."/><comment value="More detailed availability information may be provided in associated Schedule/Slot resources."/><min value="0"/><max value="*"/><base><path value="PractitionerRole.availableTime"/><min value="0"/><max value="*"/></base><type><code value="BackboneElement"/></type><constraint><key value="ele-1"/><severity value="error"/><human value="All FHIR elements must have a @value or children"/><expression value="hasValue() | (children().count() &gt; id.count())"/><xpath value="@value|f:*|h:div"/><source value="Element"/></constraint><mapping><identity value="rim"/><map value=".effectiveTime"/></mapping></element><element id="PractitionerRole.availableTime.id"><path value="PractitionerRole.availableTime.id"/><representation value="xmlAttr"/><short value="xml:id (or equivalent in JSON)"/><definition value="unique id for the element within a resource (for internal references). This may be any string value that does not contain spaces."/><min value="0"/><max value="1"/><base><path value="Element.id"/><min value="0"/><max value="1"/></base><type><code value="string"/></type><mapping><identity value="rim"/><map value="n/a"/></mapping></element><element id="PractitionerRole.availableTime.extension"><path value="PractitionerRole.availableTime.extension"/><short value="Additional Content defined by implementations"/><definition value="May be used to represent additional information that is not part of the basic definition of the element. In order to make the use of extensions safe and manageable, there is a strict set of governance  applied to the definition and use of extensions. Though any implementer is allowed to define an extension, there is a set of requirements that SHALL be met as part of the definition of the extension."/><comment value="There can be no stigma associated with the use of extensions by any application, project, or standard - regardless of the institution or jurisdiction that uses or defines the extensions.  The use of extensions is what allows the FHIR specification to retain a core level of simplicity for everyone."/><alias value="extensions"/><alias value="user content"/><min value="0"/><max value="*"/><base><path value="Element.extension"/><min value="0"/><max value="*"/></base><type><code value="Extension"/></type><mapping><identity value="rim"/><map value="n/a"/></mapping></element><element id="PractitionerRole.availableTime.modifierExtension"><path value="PractitionerRole.availableTime.modifierExtension"/><short value="Extensions that cannot be ignored"/><definition value="May be used to represent additional information that is not part of the basic definition of the element, and that modifies the understanding of the element that contains it. Usually modifier elements provide negation or qualification. In order to make the use of extensions safe and manageable, there is a strict set of governance applied to the definition and use of extensions. Though any implementer is allowed to define an extension, there is a set of requirements that SHALL be met as part of the definition of the extension. Applications processing a resource are required to check for modifier extensions."/><comment value="There can be no stigma associated with the use of extensions by any application, project, or standard - regardless of the institution or jurisdiction that uses or defines the extensions.  The use of extensions is what allows the FHIR specification to retain a core level of simplicity for everyone."/><alias value="extensions"/><alias value="user content"/><alias value="modifiers"/><min value="0"/><max value="*"/><base><path value="BackboneElement.modifierExtension"/><min value="0"/><max value="*"/></base><type><code value="Extension"/></type><isModifier value="true"/><isSummary value="true"/><mapping><identity value="rim"/><map value="N/A"/></mapping></element><element id="PractitionerRole.availableTime.daysOfWeek"><path value="PractitionerRole.availableTime.daysOfWeek"/><short value="mon | tue | wed | thu | fri | sat | sun"/><definition value="Indicates which days of the week are available between the start and end Times."/><min value="0"/><max value="*"/><base><path value="PractitionerRole.availableTime.daysOfWeek"/><min value="0"/><max value="*"/></base><type><code value="code"/></type><binding><extension url="http://hl7.org/fhir/StructureDefinition/elementdefinition-bindingName"><valueString value="DaysOfWeek"/></extension><strength value="required"/><description value="The days of the week."/><valueSetReference><reference value="http://hl7.org/fhir/ValueSet/days-of-week"/></valueSetReference></binding><mapping><identity value="rim"/><map value=".effectiveTime"/></mapping></element><element id="PractitionerRole.availableTime.allDay"><path value="PractitionerRole.availableTime.allDay"/><short value="Always available? e.g. 24 hour service"/><definition value="Is this always available? (hence times are irrelevant) e.g. 24 hour service."/><min value="0"/><max value="1"/><base><path value="PractitionerRole.availableTime.allDay"/><min value="0"/><max value="1"/></base><type><code value="boolean"/></type><mapping><identity value="rim"/><map value=".effectiveTime"/></mapping></element><element id="PractitionerRole.availableTime.availableStartTime"><path value="PractitionerRole.availableTime.availableStartTime"/><short value="Opening time of day (ignored if allDay = true)"/><definition value="The opening time of day. Note: If the AllDay flag is set, then this time is ignored."/><comment value="The timezone is expected to be for where this HealthcareService is provided at."/><min value="0"/><max value="1"/><base><path value="PractitionerRole.availableTime.availableStartTime"/><min value="0"/><max value="1"/></base><type><code value="time"/></type><mapping><identity value="rim"/><map value=".effectiveTime"/></mapping></element><element id="PractitionerRole.availableTime.availableEndTime"><path value="PractitionerRole.availableTime.availableEndTime"/><short value="Closing time of day (ignored if allDay = true)"/><definition value="The closing time of day. Note: If the AllDay flag is set, then this time is ignored."/><comment value="The timezone is expected to be for where this HealthcareService is provided at."/><min value="0"/><max value="1"/><base><path value="PractitionerRole.availableTime.availableEndTime"/><min value="0"/><max value="1"/></base><type><code value="time"/></type><mapping><identity value="rim"/><map value=".effectiveTime"/></mapping></element><element id="PractitionerRole.notAvailable"><path value="PractitionerRole.notAvailable"/><short value="Not available during this time due to provided reason"/><definition value="The HealthcareService is not available during this period of time due to the provided reason."/><min value="0"/><max value="*"/><base><path value="PractitionerRole.notAvailable"/><min value="0"/><max value="*"/></base><type><code value="BackboneElement"/></type><constraint><key value="ele-1"/><severity value="error"/><human value="All FHIR elements must have a @value or children"/><expression value="hasValue() | (children().count() &gt; id.count())"/><xpath value="@value|f:*|h:div"/><source value="Element"/></constraint><mapping><identity value="rim"/><map value=".effectiveTime"/></mapping></element><element id="PractitionerRole.notAvailable.id"><path value="PractitionerRole.notAvailable.id"/><representation value="xmlAttr"/><short value="xml:id (or equivalent in JSON)"/><definition value="unique id for the element within a resource (for internal references). This may be any string value that does not contain spaces."/><min value="0"/><max value="1"/><base><path value="Element.id"/><min value="0"/><max value="1"/></base><type><code value="string"/></type><mapping><identity value="rim"/><map value="n/a"/></mapping></element><element id="PractitionerRole.notAvailable.extension"><path value="PractitionerRole.notAvailable.extension"/><short value="Additional Content defined by implementations"/><definition value="May be used to represent additional information that is not part of the basic definition of the element. In order to make the use of extensions safe and manageable, there is a strict set of governance  applied to the definition and use of extensions. Though any implementer is allowed to define an extension, there is a set of requirements that SHALL be met as part of the definition of the extension."/><comment value="There can be no stigma associated with the use of extensions by any application, project, or standard - regardless of the institution or jurisdiction that uses or defines the extensions.  The use of extensions is what allows the FHIR specification to retain a core level of simplicity for everyone."/><alias value="extensions"/><alias value="user content"/><min value="0"/><max value="*"/><base><path value="Element.extension"/><min value="0"/><max value="*"/></base><type><code value="Extension"/></type><mapping><identity value="rim"/><map value="n/a"/></mapping></element><element id="PractitionerRole.notAvailable.modifierExtension"><path value="PractitionerRole.notAvailable.modifierExtension"/><short value="Extensions that cannot be ignored"/><definition value="May be used to represent additional information that is not part of the basic definition of the element, and that modifies the understanding of the element that contains it. Usually modifier elements provide negation or qualification. In order to make the use of extensions safe and manageable, there is a strict set of governance applied to the definition and use of extensions. Though any implementer is allowed to define an extension, there is a set of requirements that SHALL be met as part of the definition of the extension. Applications processing a resource are required to check for modifier extensions."/><comment value="There can be no stigma associated with the use of extensions by any application, project, or standard - regardless of the institution or jurisdiction that uses or defines the extensions.  The use of extensions is what allows the FHIR specification to retain a core level of simplicity for everyone."/><alias value="extensions"/><alias value="user content"/><alias value="modifiers"/><min value="0"/><max value="*"/><base><path value="BackboneElement.modifierExtension"/><min value="0"/><max value="*"/></base><type><code value="Extension"/></type><isModifier value="true"/><isSummary value="true"/><mapping><identity value="rim"/><map value="N/A"/></mapping></element><element id="PractitionerRole.notAvailable.description"><path value="PractitionerRole.notAvailable.description"/><short value="Reason presented to the user explaining why time not available"/><definition value="The reason that can be presented to the user as to why this time is not available."/><min value="1"/><max value="1"/><base><path value="PractitionerRole.notAvailable.description"/><min value="1"/><max value="1"/></base><type><code value="string"/></type><mapping><identity value="rim"/><map value="n/a"/></mapping></element><element id="PractitionerRole.notAvailable.during"><path value="PractitionerRole.notAvailable.during"/><short value="Service not availablefrom this date"/><definition value="Service is not available (seasonally or for a public holiday) from this date."/><min value="0"/><max value="1"/><base><path value="PractitionerRole.notAvailable.during"/><min value="0"/><max value="1"/></base><type><code value="Period"/></type><mapping><identity value="rim"/><map value=".effectiveTime"/></mapping></element><element id="PractitionerRole.availabilityExceptions"><path value="PractitionerRole.availabilityExceptions"/><short value="Description of availability exceptions"/><definition value="A description of site availability exceptions, e.g. public holiday availability. Succinctly describing all possible exceptions to normal site availability as details in the available Times and not available Times."/><min value="0"/><max value="1"/><base><path value="PractitionerRole.availabilityExceptions"/><min value="0"/><max value="1"/></base><type><code value="string"/></type><mapping><identity value="rim"/><map value=".effectiveTime"/></mapping></element><element id="PractitionerRole.endpoint"><path value="PractitionerRole.endpoint"/><short value="Technical endpoints providing access to services operated for the practitioner with this role"/><definition value="Technical endpoints providing access to services operated for the practitioner with this role."/><requirements value="Organizations have multiple systems that provide various services and ,ay also be different for practitioners too.&#xD;&#xD;So the endpoint satisfies the need to be able to define the technical connection details for how to connect to them, and for what purpose."/><min value="0"/><max value="*"/><base><path value="PractitionerRole.endpoint"/><min value="0"/><max value="*"/></base><type><code value="Reference"/><targetProfile value="http://hl7.org/fhir/StructureDefinition/Endpoint"/></type><mapping><identity value="rim"/><map value="n/a"/></mapping></element></snapshot><differential><element id="PractitionerRole"><path value="PractitionerRole"/><short value="Australian practitioner role at a location"/><definition value="Provider at a location."/></element><element id="PractitionerRole.identifier"><path value="PractitionerRole.identifier"/><slicing><discriminator><type value="value"/><path value="system"/></discriminator><discriminator><type value="value"/><path value="type"/></discriminator><rules value="openAtEnd"/></slicing><definition value="other identifiers"/></element><element id="PractitionerRole.identifier:providernumber"><path value="PractitionerRole.identifier"/><sliceName value="Provider Number"/><short value="Australian provider number"/><definition value="Provider number for this practitioner role"/><max value="1"/></element><element id="PractitionerRole.identifier:providernumber.type"><path value="PractitionerRole.identifier.type"/><short value="Provider Number Identifier Type"/><definition value="Provider number for this practitioner role"/><min value="1"/></element><element id="PractitionerRole.identifier:providernumber.type.coding"><path value="PractitionerRole.identifier.type.coding"/><short value="Provider Number Identifier Type Code"/><definition value="Provider number identifier type coding"/><max value="1"/><fixedCoding><system value="http://hl7.org/fhir/v2/0203"/><code value="PRN"/><display value="Provider number"/></fixedCoding></element><element id="PractitionerRole.identifier:providernumber.type.text"><extension url="http://hl7.org/fhir/StructureDefinition/elementdefinition-translatable"><valueBoolean value="true"/></extension><path value="PractitionerRole.identifier.type.text"/><short value="Provider Number Identifier Type Descriptive Text"/><definition value="Provider number identifier type descriptive text"/><min value="1"/><fixedString value="Medicare Provider Number"/></element><element id="PractitionerRole.identifier:providernumber.system"><path value="PractitionerRole.identifier.system"/><definition value="Provider number for this practitioner role"/><min value="1"/><fixedUri value="http://ns.electronichealth.net.au/id/medicare-provider-number"/></element><element id="PractitionerRole.identifier:providernumber.value"><path value="PractitionerRole.identifier.value"/><definition value="Provider number for this practitioner role"/><min value="1"/><example><label value="Provider number"/><valueString value="2426621B"/></example></element><element id="PractitionerRole.practitioner"><path value="PractitionerRole.practitioner"/><type><code value="Reference"/><profile value="http://hl7.org.au/fhir/StructureDefinition/au-practitioner"/></type></element><element id="PractitionerRole.organization"><path value="PractitionerRole.organization"/><type><code value="Reference"/><profile value="http://hl7.org.au/fhir/StructureDefinition/au-organisation"/></type></element><element id="PractitionerRole.code"><path value="PractitionerRole.code"/><slicing><discriminator><type value="value"/><path value="Coding.system"/></discriminator><rules value="openAtEnd"/></slicing><definition value="Roles which this practitioner is authorized to perform for the organization."/><min value="0"/><max value="*"/></element><element id="PractitionerRole.location"><path value="PractitionerRole.location"/><definition value="The location at which this practitioner is a provider"/><max value="1"/></element></differential></StructureDefinition>