<?xml version="1.0" encoding="UTF-8"?><ValueSet xmlns="http://hl7.org/fhir"><id value="valueset-au-hl7v2-0203"/><meta><versionId value="1"/><lastUpdated value="2017-02-21T10:54:35.273+11:00"/></meta><text><status value="generated"/><div xmlns="http://www.w3.org/1999/xhtml"><h2>v2 Identifier Type - AU Extended</h2><div><p>HL7 V2 table 0203 extensions for Australian use</p>
</div><p>This value set includes codes from the following code systems:</p><ul><li>Include all codes defined in <a href="CodeSystem-codesystem-au-hl7v2-0203.html"><code>http://hl7.org.au/fhir/v2/0203</code></a></li></ul></div></text><url value="http://hl7.org.au/fhir/ValueSet/valueset-au-hl7v2-0203"/><name value="v2 Identifier Type - AU Extended"/><status value="draft"/><date value="2017-06-13T11:27:49+10:00"/><publisher value="Health Level Seven Australia (Patient Administration)"/><contact><name value="hl7.org.au"/></contact><description value="HL7 V2 table 0203 extensions for Australian use"/><compose><include><system value="http://hl7.org.au/fhir/v2/0203"/></include></compose></ValueSet>