<?xml version="1.0" encoding="UTF-8"?><ValueSet xmlns="http://hl7.org/fhir"><id value="valueset-au-asic"/><meta><versionId value="1"/><lastUpdated value="2017-02-21T10:54:35.273+11:00"/></meta><text><status value="generated"/><div xmlns="http://www.w3.org/1999/xhtml"><h2>v2 Identifier Type - AU Extended - ASIC Identifier Types</h2><div><p>HL7 V2 table 0203 extensions for Australian use ASIC identifier types</p>
</div><p>This value set includes codes from the following code systems:</p><ul><li>Include these codes as defined in <a href="CodeSystem-codesystem-au-hl7v2-0203.html"><code>http://hl7.org.au/fhir/v2/0203</code></a><table class="none"><tr><td><b>Code</b></td><td><b>Display</b></td></tr><tr><td><a href="CodeSystem-codesystem-au-hl7v2-0203.html#codesystem-au-hl7v2-0203-ABN">ABN</a></td><td>ABN</td><td>Australian Business Number (ASIC)</td></tr><tr><td><a href="CodeSystem-codesystem-au-hl7v2-0203.html#codesystem-au-hl7v2-0203-ACN">ACN</a></td><td>ACN</td><td>Australian Company Number (ASIC)</td></tr><tr><td><a href="CodeSystem-codesystem-au-hl7v2-0203.html#codesystem-au-hl7v2-0203-ARBN">ARBN</a></td><td>ARBN</td><td>Australian Registered Body Number (ASIC)</td></tr></table></li></ul></div></text><url value="http://hl7.org.au/fhir/ValueSet/valueset-au-asic"/><name value="v2 Identifier Type - AU Extended - ASIC Identifier Types"/><status value="draft"/><date value="2017-06-13T11:27:49+10:00"/><publisher value="Health Level Seven Australia (Patient Administration)"/><contact><name value="hl7.org.au"/></contact><description value="HL7 V2 table 0203 extensions for Australian use ASIC identifier types"/><compose><include><system value="http://hl7.org.au/fhir/v2/0203"/><concept><code value="ABN"/><display value="ABN"/></concept><concept><code value="ACN"/><display value="ACN"/></concept><concept><code value="ARBN"/><display value="ARBN"/></concept></include></compose></ValueSet>