<?xml version="1.0" encoding="UTF-8"?><ValueSet xmlns="http://hl7.org/fhir"><id value="valueset-au-grounds-for-concurrent-supply"/><meta><versionId value="1"/><lastUpdated value="2017-05-12T00:00:00.000+10:00"/></meta><text><status value="generated"/><div xmlns="http://www.w3.org/1999/xhtml"><h2>Grounds for concurrent supply</h2><div><p>Grounds for concurrent supply</p>
</div><p>This value set includes codes from the following code systems:</p><ul><li>Include all codes defined in <a href="CodeSystem-codesystem-au-grounds-for-concurrent-supply.html"><code>http://ns.electronichealth.net.au/ci/dc/coding/grounds-for-concurrent-supply</code></a></li></ul></div></text><url value="http://hl7.org.au/fhir/ValueSet/valueset-au-grounds-for-concurrent-supply"/><name value="Grounds for concurrent supply"/><status value="draft"/><date value="2017-06-13T11:27:49+10:00"/><publisher value="Health Level Seven Australia (Medications)"/><contact><name value="hl7.org.au"/></contact><description value="Grounds for concurrent supply"/><compose><include><system value="http://ns.electronichealth.net.au/ci/dc/coding/grounds-for-concurrent-supply"/></include></compose></ValueSet>