<?xml version="1.0" encoding="UTF-8"?><ValueSet xmlns="http://hl7.org/fhir"><id value="valueset-au-ihi-record-status"/><meta><versionId value="1"/><lastUpdated value="2017-02-21T10:54:35.273+11:00"/></meta><text><status value="generated"/><div xmlns="http://www.w3.org/1999/xhtml"><h2>Individual Healthcare Identifier Record Status (IHI Record Status)</h2><div><p>The record status of the Individual Healthcare Identifier (IHI Record Status)</p>
</div><p>This value set includes codes from the following code systems:</p><ul><li>Include all codes defined in <a href="CodeSystem-au-ihi-record-status.html"><code>http://ns.electronichealth.net.au/fhir/CodeSystem/hi/ihi/ihi-record-status/1.0.0</code></a></li></ul></div></text><url value="http://hl7.org.au/fhir/ValueSet/valueset-au-ihi-record-status"/><name value="Individual Healthcare Identifier Record Status (IHI Record Status)"/><status value="draft"/><date value="2017-06-13T11:27:49+10:00"/><publisher value="Health Level Seven Australia (Patient Administration)"/><contact><name value="hl7.org.au"/></contact><description value="The record status of the Individual Healthcare Identifier (IHI Record Status)"/><compose><include><system value="http://ns.electronichealth.net.au/fhir/CodeSystem/hi/ihi/ihi-record-status/1.0.0"/></include></compose></ValueSet>