<?xml version="1.0" encoding="UTF-8"?><ValueSet xmlns="http://hl7.org/fhir"><id value="valueset-au-dva"/><meta><versionId value="1"/><lastUpdated value="2017-02-21T10:54:35.273+11:00"/></meta><text><status value="generated"/><div xmlns="http://www.w3.org/1999/xhtml"><h2>v2 Identifier Type - AU Extended - DVA Specifc Card Types</h2><div><p>HL7 V2 table 0203 extensions for Australian use DVA specific coloured card type identifiers</p>
</div><p>This value set includes codes from the following code systems:</p><ul><li>Include these codes as defined in <a href="CodeSystem-codesystem-au-hl7v2-0203.html"><code>http://hl7.org.au/fhir/v2/0203</code></a><table class="none"><tr><td><b>Code</b></td><td><b>Display</b></td></tr><tr><td><a href="CodeSystem-codesystem-au-hl7v2-0203.html#codesystem-au-hl7v2-0203-DVW">DVW</a></td><td>DVA White Card Number</td><td>Department of Veterans&#39; Affairs Number (White Card)</td></tr><tr><td><a href="CodeSystem-codesystem-au-hl7v2-0203.html#codesystem-au-hl7v2-0203-DVG">DVG</a></td><td>DVA Gold Card Number</td><td>Department of Veterans&#39; Affairs Number (Gold Card)</td></tr><tr><td><a href="CodeSystem-codesystem-au-hl7v2-0203.html#codesystem-au-hl7v2-0203-DVO">DVO</a></td><td>DVA Orange Card Number</td><td>Department of Veterans&#39; Affairs Number (Orange Card)</td></tr><tr><td><a href="CodeSystem-codesystem-au-hl7v2-0203.html#codesystem-au-hl7v2-0203-DVL">DVL</a></td><td>DVA Lilac Card Number</td><td>Department of Veterans&#39; Affairs Number (Lilac Card)</td></tr></table></li></ul></div></text><url value="http://hl7.org.au/fhir/ValueSet/valueset-au-dva"/><name value="v2 Identifier Type - AU Extended - DVA Specifc Card Types"/><status value="draft"/><date value="2017-06-13T11:27:49+10:00"/><publisher value="Health Level Seven Australia (Patient Administration)"/><contact><name value="hl7.org.au"/></contact><description value="HL7 V2 table 0203 extensions for Australian use DVA specific coloured card type identifiers"/><compose><include><system value="http://hl7.org.au/fhir/v2/0203"/><concept><code value="DVW"/><display value="DVA White Card Number"/></concept><concept><code value="DVG"/><display value="DVA Gold Card Number"/></concept><concept><code value="DVO"/><display value="DVA Orange Card Number"/></concept><concept><code value="DVL"/><display value="DVA Lilac Card Number"/></concept></include></compose></ValueSet>