<?xml version="1.0" encoding="UTF-8"?><ValueSet xmlns="http://hl7.org/fhir"><id value="valueset-au-indigenous-status"/><meta><versionId value="1"/><lastUpdated value="2017-02-21T10:54:35.273+11:00"/></meta><text><status value="generated"/><div xmlns="http://www.w3.org/1999/xhtml"><h2>Australian Indigenous Status</h2><div><p>Whether a person identifies as being of Aboriginal or Torres Strait Islander origin, as represented by a code.</p>
</div><p>This value set includes codes from the following code systems:</p><ul><li>Include all codes defined in <a href="CodeSystem-au-indigenous-status.html"><code>http://meteor.aihw.gov.au/content/index.phtml/itemId/602543#Codes</code></a></li></ul></div></text><url value="http://hl7.org.au/fhir/ValueSet/valueset-au-indigenous-status"/><name value="Australian Indigenous Status"/><status value="draft"/><date value="2017-06-13T11:27:49+10:00"/><publisher value="Health Level Seven Australia (Patient Administration)"/><contact><name value="hl7.org.au"/></contact><description value="Whether a person identifies as being of Aboriginal or Torres Strait Islander origin, as represented by a code."/><compose><include><system value="http://meteor.aihw.gov.au/content/index.phtml/itemId/602543#Codes"/></include></compose></ValueSet>