<?xml version="1.0" encoding="UTF-8"?><ValueSet xmlns="http://hl7.org/fhir"><id value="valueset-anzsco"/><meta><lastUpdated value="2016-12-06T12:22:34.981+11:00"/></meta><text><status value="generated"/><div xmlns="http://www.w3.org/1999/xhtml">
			<h2>ANZSCO -- Australian and New Zealand Standard Classification of Occupations, 2013, Version 1.2</h2>
			<div>
				<p>Developed for use in the collection, analysis and dissemination of occupation statistics in Australia and New Zealand.</p>
			</div>
			<p>
				<b>Copyright Statement:</b> Copyright Australian Bureau of Statistics
      </p>
			<p>This value set includes codes from the following code systems:</p>
			<ul>
				<li>Include all codes defined in 
          <a href="CodeSystem-codesystem-anzsco.html">http://www.abs.gov.au/ausstats/abs@.nsf/mf/1220.0</a>
				</li>
			</ul>
		</div></text><url value="http://hl7.org.au/fhir/ValueSet/valueset-anzsco"/><identifier><system value="urn:ietf:rfc:3986"/><value value="urn:oid:2.16.840.1.113883.4.642.2.253"/></identifier><version value="1.8.0"/><name value="ANZSCO -- Australian and New Zealand Standard Classification of Occupations, 2013, Version 1.2"/><status value="active"/><experimental value="true"/><date value="2016-12-06T12:22:34+11:00"/><publisher value="Australian Bureau of Statistics"/><contact><telecom><system value="url"/><value value="http://www.abs.gov.au/ausstats/abs@.nsf/mf/1220.0"/></telecom></contact><description value="Developed for use in the collection, analysis and dissemination of occupation statistics in Australia and New Zealand."/><immutable value="true"/><copyright value="Copyright Australian Bureau of Statistics"/><compose><include><system value="http://www.abs.gov.au/ausstats/abs@.nsf/mf/1220.0"/></include></compose></ValueSet>