<?xml version="1.0" encoding="UTF-8"?><ValueSet xmlns="http://hl7.org/fhir"><id value="valueset-anzsic-restricted-activity"/><meta><lastUpdated value="2016-12-06T12:22:34.981+11:00"/></meta><text><status value="generated"/><div xmlns="http://www.w3.org/1999/xhtml">
			<h2>ANZSIC -- Australian and New Zealand Standard Industrial Classification - restricted (Activities Only), 2006, Version 2.0</h2>
			<div>
				<p>Developed for use in the collection, analysis and dissemination of occupation statistics in Australia and New Zealand.</p>
				<p>Codes from level two only ANZSIC activities</p>
			</div>
			<p>
				<b>Copyright Statement:</b> Copyright Australian Bureau of Statistics
      </p>
			<p>This value set includes codes from the following code systems:</p>
			<ul>
				<li>Include all codes defined in 
          <a href="CodeSystem-codesystem-anzsic-restricted.html">http://www.abs.gov.au/ausstats/abs@.nsf/mf/1292.0</a>
				</li>
			</ul>
		</div></text><url value="http://hl7.org.au/fhir/ValueSet/valueset-anzsic-restricted-activity"/><identifier><system value="urn:ietf:rfc:3986"/><value value="urn:oid:1.2.36.1.2001.1005.47"/></identifier><version value="2.0.0"/><name value="ANZSIC -- Australian and New Zealand Standard Industrial Classification (Activities Only)"/><status value="active"/><experimental value="true"/><date value="2016-12-06T12:22:34+11:00"/><publisher value="Australian Bureau of Statistics"/><contact><telecom><system value="url"/><value value="http://www.abs.gov.au/ausstats/abs@.nsf/mf/1292.0"/></telecom></contact><description value="Developed for use in the collection, analysis and dissemination of industry classification statistics in Australia and New Zealand."/><immutable value="true"/><copyright value="Copyright Australian Bureau of Statistics"/><compose><include><system value="http://www.abs.gov.au/ausstats/abs@.nsf/mf/1292.0"/><concept><code value="4271-1"/><display value="Pharmacy, retail, operation"/></concept><concept><code value="4271-2"/><display value="Community Pharmacy"/></concept><concept><code value="4623-1"/><display value="Transport"/></concept><concept><code value="5910-1"/><display value="Internet access provision"/></concept><concept><code value="5910-2"/><display value="Internet access service, on-line"/></concept><concept><code value="5910-3"/><display value="Internet search portal operation"/></concept><concept><code value="5910-5"/><display value="Internet service provision (ISP)"/></concept><concept><code value="5910-6"/><display value="Portal web search operation"/></concept><concept><code value="5910-7"/><display value="Web search portal operation"/></concept><concept><code value="5921-1"/><display value="Application hosting"/></concept><concept><code value="5921-10"/><display value="Data processing computer service"/></concept><concept><code value="5921-11"/><display value="Disk and diskette conversion and recertification service"/></concept><concept><code value="5921-12"/><display value="Electronic data processing service"/></concept><concept><code value="5921-13"/><display value="Microfiche or microfilm recording and imaging service"/></concept><concept><code value="5921-14"/><display value="Optical scanning service"/></concept><concept><code value="5921-15"/><display value="Web hosting"/></concept><concept><code value="5921-2"/><display value="Application service provision"/></concept><concept><code value="5921-3"/><display value="Audio and visual media streaming service"/></concept><concept><code value="5921-4"/><display value="Automated data processing service"/></concept><concept><code value="5921-5"/><display value="Computer input preparation service"/></concept><concept><code value="5921-6"/><display value="Computer time leasing or renting"/></concept><concept><code value="5921-8"/><display value="Data capture imaging service"/></concept><concept><code value="5921-9"/><display value="Data entry service (electronic)"/></concept><concept><code value="5922-1"/><display value="Computer data storage and retrieval service (except library service)"/></concept><concept><code value="5922-2"/><display value="Electronic information storage and retrieval service (except library service)"/></concept><concept><code value="6321-1"/><display value="Dental insurance provision"/></concept><concept><code value="6321-2"/><display value="Funeral benefit provision"/></concept><concept><code value="6321-3"/><display value="Health insurance provision"/></concept><concept><code value="6910-1"/><display value="Medical research service"/></concept><concept><code value="6910-2"/><display value="Social science research service"/></concept><concept><code value="6961-1"/><display value="Corporate head office management"/></concept><concept><code value="6999-1"/><display value="Interpretation service"/></concept><concept><code value="6999-2"/><display value="Professional, scientific and technical services n.e.c."/></concept><concept><code value="6999-3"/><display value="Translation service"/></concept><concept><code value="7000-1"/><display value="Computer hardware consulting service"/></concept><concept><code value="7000-2"/><display value="Computer programming service"/></concept><concept><code value="7000-3"/><display value="Computer software consulting service"/></concept><concept><code value="7000-4"/><display value="Internet and web design consulting service"/></concept><concept><code value="7000-5"/><display value="Software development (customised) service (except publishing)"/></concept><concept><code value="7000-6"/><display value="Software installation service"/></concept><concept><code value="7000-7"/><display value="Systems analysis service"/></concept><concept><code value="7291-1"/><display value="Billing and record-keeping service"/></concept><concept><code value="7291-3"/><display value="Clerical service"/></concept><concept><code value="7291-4"/><display value="Office administrative service n.e.c."/></concept><concept><code value="7291-5"/><display value="Payroll processing"/></concept><concept><code value="7291-6"/><display value="Reception service"/></concept><concept><code value="7294-1"/><display value="Telephone answering service"/></concept><concept><code value="7294-2"/><display value="Telephone call centre operation"/></concept><concept><code value="7294-3"/><display value="Voice mailbox service"/></concept><concept><code value="7511-1"/><display value="Divisions of General Practice"/></concept><concept><code value="7521-1"/><display value="State Government Healthcare Administration"/></concept><concept><code value="7531-1"/><display value="Local Government Healthcare Administration"/></concept><concept><code value="7561-1"/><display value="General Health Administration"/></concept><concept><code value="7562-1"/><display value="Provision and administration of public health program"/></concept><concept><code value="8102-2"/><display value="Postgraduate school, university operation"/></concept><concept><code value="8102-3"/><display value="Research school, university operation"/></concept><concept><code value="8102-4"/><display value="Specialist institute or college"/></concept><concept><code value="8102-5"/><display value="Teachers&#39; college operation"/></concept><concept><code value="8102-6"/><display value="Undergraduate school, university operation"/></concept><concept><code value="8102-7"/><display value="University operation"/></concept><concept><code value="8401-1"/><display value="Children&#39;s Hospital"/></concept><concept><code value="8401-10"/><display value="Women&#39;s Hospital"/></concept><concept><code value="8401-11"/><display value="Public day centre/hospital"/></concept><concept><code value="8401-12"/><display value="Public freestanding day surgery centre"/></concept><concept><code value="8401-13"/><display value="Private day centre/hospital"/></concept><concept><code value="8401-14"/><display value="Private freestanding day surgery centre"/></concept><concept><code value="8401-15"/><display value="Public acute care Hospital"/></concept><concept><code value="8401-16"/><display value="Private acute care Hospital"/></concept><concept><code value="8401-17"/><display value="Veterans Affairs Hospital"/></concept><concept><code value="8401-18"/><display value="Defence Force Hospital"/></concept><concept><code value="8401-2"/><display value="Day Hospital nec"/></concept><concept><code value="8401-3"/><display value="Ear, nose and throat hospital"/></concept><concept><code value="8401-4"/><display value="Eye Hospital"/></concept><concept><code value="8401-5"/><display value="General Hospital"/></concept><concept><code value="8401-6"/><display value="Hospital (except psychiatric or veterinary hospitals"/></concept><concept><code value="8401-7"/><display value="Infectious diseases hospital (including human quarantine stations)"/></concept><concept><code value="8401-8"/><display value="Maternity Hospital"/></concept><concept><code value="8401-9"/><display value="Obstetric Hospital"/></concept><concept><code value="8402-1"/><display value="Public Mental Health Hospital"/></concept><concept><code value="8402-2"/><display value="Private Mental Health Hospital"/></concept><concept><code value="8511-1"/><display value="Flying doctor service"/></concept><concept><code value="8511-2"/><display value="General medical practitioner service"/></concept><concept><code value="8511-3"/><display value="General practice medical clinic service"/></concept><concept><code value="8511-4"/><display value="Rural general medical practice service"/></concept><concept><code value="8511-5"/><display value="Community Health Care"/></concept><concept><code value="8512-1"/><display value="Allergy specialist service"/></concept><concept><code value="8512-10"/><display value="Orthopaedic service"/></concept><concept><code value="8512-11"/><display value="Paediatric service"/></concept><concept><code value="8512-12"/><display value="Psychiatry service"/></concept><concept><code value="8512-13"/><display value="Rheumatology service"/></concept><concept><code value="8512-14"/><display value="Specialist medical clinic service"/></concept><concept><code value="8512-15"/><display value="Specialist medical practitioner service nec"/></concept><concept><code value="8512-16"/><display value="Specialist surgical service"/></concept><concept><code value="8512-17"/><display value="Thoracic specialist service"/></concept><concept><code value="8512-18"/><display value="Urology service"/></concept><concept><code value="8512-19"/><display value="Emergency Department Services"/></concept><concept><code value="8512-2"/><display value="Anaesthetist service"/></concept><concept><code value="8512-3"/><display value="Dermatology Service"/></concept><concept><code value="8512-4"/><display value="Ear, nose and throat specialist service"/></concept><concept><code value="8512-5"/><display value="Gynaecology services"/></concept><concept><code value="8512-6"/><display value="Hair transplant service (by registered medical practitioner)"/></concept><concept><code value="8512-7"/><display value="Neurology service"/></concept><concept><code value="8512-8"/><display value="Obstetrics service"/></concept><concept><code value="8512-9"/><display value="Ophthalmology service"/></concept><concept><code value="8520-1"/><display value="Diagnostic imaging service"/></concept><concept><code value="8520-2"/><display value="Medical laboratory service"/></concept><concept><code value="8520-3"/><display value="Pathology laboratory service"/></concept><concept><code value="8520-4"/><display value="X-ray clinic service"/></concept><concept><code value="8531-1"/><display value="Conservative dental service"/></concept><concept><code value="8531-10"/><display value="Pedodontics service"/></concept><concept><code value="8531-11"/><display value="Periodontic service"/></concept><concept><code value="8531-12"/><display value="Prosthodontics service"/></concept><concept><code value="8531-2"/><display value="Dental hospital (out-patient)"/></concept><concept><code value="8531-3"/><display value="Dental practice service"/></concept><concept><code value="8531-4"/><display value="Dental practitioner service"/></concept><concept><code value="8531-5"/><display value="Dental surgery service"/></concept><concept><code value="8531-6"/><display value="Endodontic service"/></concept><concept><code value="8531-7"/><display value="Oral pathology service"/></concept><concept><code value="8531-8"/><display value="Oral surgery service"/></concept><concept><code value="8531-9"/><display value="Orthodontic service"/></concept><concept><code value="8532-1"/><display value="Contact lens dispensing"/></concept><concept><code value="8532-2"/><display value="Eye testing (optometrist)"/></concept><concept><code value="8532-3"/><display value="Optical dispensing"/></concept><concept><code value="8532-4"/><display value="Optician service"/></concept><concept><code value="8532-5"/><display value="Orthoptic service"/></concept><concept><code value="8532-6"/><display value="Spectacles dispensing"/></concept><concept><code value="8533-1"/><display value="Physiotherapy Services"/></concept><concept><code value="8534-1"/><display value="Chiropractic"/></concept><concept><code value="8534-2"/><display value="Osteopathic Services"/></concept><concept><code value="8539-10"/><display value="Hydropathic service"/></concept><concept><code value="8539-11"/><display value="Midwifery service"/></concept><concept><code value="8539-12"/><display value="Naturopathic service"/></concept><concept><code value="8539-13"/><display value="Nursing service"/></concept><concept><code value="8539-14"/><display value="Occupational therapy service"/></concept><concept><code value="8539-15"/><display value="Podiatry service"/></concept><concept><code value="8539-16"/><display value="Speech pathology service"/></concept><concept><code value="8539-17"/><display value="Therapeutic massage service"/></concept><concept><code value="8539-18"/><display value="Extended Allied Health services"/></concept><concept><code value="8539-2"/><display value="Aromatherapy service"/></concept><concept><code value="8539-4"/><display value="Clinical psychology service"/></concept><concept><code value="8539-5"/><display value="Dental hygiene service"/></concept><concept><code value="8539-6"/><display value="Dietician service"/></concept><concept><code value="8539-7"/><display value="Hearing aid dispensing"/></concept><concept><code value="8539-8"/><display value="Herbalist service"/></concept><concept><code value="8539-9"/><display value="Homoeopathic service"/></concept><concept><code value="8591-1"/><display value="Aerial ambulance service"/></concept><concept><code value="8591-2"/><display value="Ambulance service"/></concept><concept><code value="8599-1"/><display value="Blood bank operation"/></concept><concept><code value="8599-2"/><display value="Health assessment service"/></concept><concept><code value="8599-3"/><display value="Healthcare service nec"/></concept><concept><code value="8599-4"/><display value="Community Health Facility"/></concept><concept><code value="8599-5"/><display value="Public Community Health Centre"/></concept><concept><code value="8599-6"/><display value="Private (non-profit) Community Health Centre"/></concept><concept><code value="8599-8"/><display value="Community health facility - mental"/></concept><concept><code value="8599-9"/><display value="Community health facility &#x2030;y&#x308; other"/></concept><concept><code value="8601-1"/><display value="Private profit nursing home for the aged"/></concept><concept><code value="8601-2"/><display value="Government nursing home for the aged"/></concept><concept><code value="8601-3"/><display value="Private charitable nursing home for the aged"/></concept><concept><code value="8601-4"/><display value="State government hostel for the aged"/></concept><concept><code value="8601-5"/><display value="Charitable hostels for the aged"/></concept><concept><code value="8601-6"/><display value="Local government hostel for the aged"/></concept><concept><code value="8609-1"/><display value="Private charitable nursing home for young disabled"/></concept><concept><code value="8609-2"/><display value="Private profit nursing home for young disabled"/></concept><concept><code value="8609-3"/><display value="Government nursing home for young disabled"/></concept><concept><code value="8609-4"/><display value="Other charitable hostel"/></concept><concept><code value="8609-5"/><display value="Other State government hostel"/></concept><concept><code value="8609-6"/><display value="Other Local government hostel"/></concept><concept><code value="8609-7"/><display value="Public alcohol and drug treatment centre"/></concept><concept><code value="8609-8"/><display value="Private alcohol and drug treatment centre"/></concept><concept><code value="8710-1"/><display value="Before and/or after school care service"/></concept><concept><code value="8710-2"/><display value="Child care service"/></concept><concept><code value="8710-3"/><display value="Childminding service"/></concept><concept><code value="8710-5"/><display value="Family day care service"/></concept><concept><code value="8710-6"/><display value="Children&#39;s play programs"/></concept><concept><code value="8790-1"/><display value="Adoption service"/></concept><concept><code value="8790-2"/><display value="Adult day care centre operation"/></concept><concept><code value="8790-3"/><display value="Aged care assistance service"/></concept><concept><code value="8790-4"/><display value="Alcoholics anonymous operation"/></concept><concept><code value="8790-5"/><display value="Disabilities assistance service"/></concept><concept><code value="8790-6"/><display value="Marriage guidance service"/></concept><concept><code value="8790-7"/><display value="Operation of soup kitchen (including mobile)"/></concept><concept><code value="8790-8"/><display value="Welfare counselling service"/></concept><concept><code value="8790-9"/><display value="Youth welfare service"/></concept><concept><code value="9111-1"/><display value="Health and Fitness Centres and Gymnasia Operation"/></concept></include></compose></ValueSet>